fbc68e28-4989-445b-aa08-e365e2587e8d,장지우,Male,53,1971-08-18,부산 동구 14로 14
0902c5d9-9c44-44b7-8598-b557a833e7dc,이서현,Female,21,2003-01-07,부산 관악구 4로 4
1dae81a5-79fb-4549-a995-6e3290232c9d,최하은,Male,42,1982-11-08,대전 관악구 59로 59
46c2ac58-b506-48e2-83eb-2e6fa6f63b07,임지유,Male,32,1992-03-10,부산 유성구 19길 19
531fd743-d99f-4ef5-b148-ac15de27f4b7,정예준,Female,30,1994-03-19,광주 강서구 12로 12
f6dc8e27-ead1-4620-b87e-a3d34aeedc8d,김지후,Female,30,1994-11-12,대구 동구 1로 1
f5f319b8-214d-47ab-b499-37aa1da8e698,정하준,Male,32,1992-03-05,대구 동구 60길 60
1e7f8db7-c432-41de-97fd-70f556b15bab,박서준,Female,58,1966-01-11,대구 남구 47길 47
9154e533-a4b1-46a2-8a03-9d4e204c5615,최서윤,Male,44,1980-11-24,대전 관악구 43로 43
d3a10011-eb53-45d3-8512-3d511f34358c,장하준,Female,30,1994-04-30,대전 서초구 52로 52
580c009d-67d9-4694-a160-b91fb20c2e91,임지호,Female,54,1970-08-09,서울 강서구 89길 89
f7f56ff3-3ae6-4686-8e19-12dfa8c9c59b,김서연,Male,38,1986-12-06,대전 강서구 63길 63
cf06aa51-b120-495a-b0d8-2de6705995d7,강지호,Female,27,1997-09-16,대전 강남구 63로 63
0210dcb6-92d6-41a8-b43b-f7148c38a6bb,김윤서,Female,40,1984-03-20,대전 유성구 75로 75
9e864663-c3b5-4c85-83c9-224defbe8a6d,윤지우,Female,19,2005-12-16,서울 동구 71길 71
597fe751-4ccf-42a8-b297-bde4ab5d2a88,김지유,Female,28,1996-01-30,서울 서구 45길 45
3c98a9a7-209d-45d1-9073-246eca56dfa1,장서현,Female,36,1988-05-30,광주 강남구 90로 90
8d4694b4-d1bf-46e7-90de-577926a5244c,최지후,Female,31,1993-02-28,대전 용산구 35로 35
957af886-dfbd-4966-b577-c4243367bb8d,최윤서,Female,57,1967-03-27,서울 강남구 82길 82
7b270135-2787-4382-a1e8-4b48621261ff,윤민준,Female,46,1978-07-21,인천 동구 90로 90
cc52bbf2-6c7d-4c7c-b2de-cdff785eeb57,조준우,Female,59,1965-12-01,광주 관악구 97로 97
c213cc04-7c5d-440f-a0c2-eece347ad2ad,조서윤,Male,32,1992-03-23,인천 서구 98로 98
04b37395-fda9-4e28-b9b8-c6e232a2f736,윤주원,Male,63,1961-12-26,인천 서초구 83길 83
23ddcb2a-8aaa-42e0-bdf1-9340a9b0bad6,임윤서,Male,22,2002-10-28,인천 관악구 5길 5
539e3c51-6d55-4627-abd1-1e191db553f7,조서현,Female,19,2005-07-24,서울 남구 96길 96
27113630-9f51-4e92-a9dc-d6e4e7a2a1aa,정지민,Male,28,1996-11-30,대전 서구 14로 14
199fdef9-bcef-4572-98a2-6b0e127e9405,임서윤,Female,15,2009-02-10,광주 북구 82길 82
c06a6048-f7e7-4cbe-becc-3aaf8f602cbb,강도윤,Female,35,1989-02-03,서울 관악구 93로 93
c58b99b3-8486-40d7-9d06-6f1bcc4abb2d,조서준,Male,29,1995-05-15,서울 북구 28로 28
fb20c69c-8be9-4ce4-90dc-a52a74b22252,강서윤,Female,31,1993-01-20,대구 관악구 57로 57
c78f3418-f6a1-41b4-adf3-62238be6c9db,이서윤,Male,47,1977-12-09,광주 강서구 94길 94
9c012cb7-d410-430f-a48c-b03522a98824,김예준,Male,57,1967-12-21,대구 강서구 69길 69
d81e206e-3833-4942-afc4-a0c75e6f0f40,장하준,Female,52,1972-03-25,대전 동구 50길 50
185c80e1-67e9-4577-ad10-05df09e6b6e5,박지민,Male,39,1985-04-17,대전 관악구 25길 25
5954873b-8d41-4f6a-b43e-886d868e1f86,강예준,Male,49,1975-08-06,인천 북구 47로 47
bc0a7935-039c-418b-8a7c-266b1d379016,박민준,Male,48,1976-12-14,서울 서초구 54로 54
0035f26e-d256-4126-99fb-ee30ab30d1a5,조예준,Male,50,1974-06-21,부산 용산구 15로 15
2cfa8184-d1e3-4270-ab2a-e264f554cac8,조지우,Female,14,2010-03-20,인천 서초구 51로 51
1c460a53-924d-4c5f-b6bf-933b2bd8c03b,정지유,Male,19,2005-04-17,서울 북구 71로 71
d8444f85-6c1f-4773-91f9-96657223bce0,임지후,Female,61,1963-09-17,인천 유성구 36로 36
d304ffd1-fbed-460b-8359-c36c2118e37d,이지유,Male,25,1999-04-05,대구 유성구 70로 70
844292f3-e7ce-451b-8737-1f81677da156,임지호,Male,33,1991-10-10,부산 용산구 82로 82
2fb5891c-3a57-45bf-b119-831cc0d84a1f,윤하은,Female,61,1963-09-15,서울 관악구 63길 63
fc4e470f-ddbc-494b-8e2f-61acbca8f166,조지유,Male,15,2009-01-24,대전 북구 17길 17
488e0b6b-a5bc-4356-bcfb-5ac4e510ebcd,최하윤,Female,34,1990-04-04,대전 강남구 37로 37
246d1805-f301-4f63-9f05-db2614b60c80,박주원,Female,53,1971-03-25,부산 유성구 71길 71
9b84afca-6dcc-4aec-9de5-f52e31e8e4f3,최지후,Female,21,2003-03-26,대전 관악구 71길 71
bf2a6363-b743-422a-b989-37bd6c1c68d0,조지호,Male,51,1973-02-19,부산 관악구 44길 44
85fd75f5-711c-44ee-8034-867a803eee18,윤준우,Female,27,1997-08-28,부산 강서구 16로 16
ec222532-1cb1-4caa-a40e-28895fd0b0d5,박준우,Female,54,1970-07-27,대전 동구 95길 95
51e12a22-644a-4b25-ad36-6bb73f8b2f3d,조서준,Male,49,1975-03-18,광주 용산구 75로 75
799511c2-efac-4acf-a88a-60d02cf9a951,장준우,Male,58,1966-03-27,광주 유성구 37길 37
7070c556-242e-416a-bb4b-2c2260ced431,장지호,Female,20,2004-11-13,부산 강서구 16로 16
0c3b1e27-5556-4c27-b43c-0a55c1f5fc74,장민서,Female,42,1982-03-24,대구 동구 73로 73
e38b979d-0153-42eb-9f70-42ff54990097,장지우,Female,50,1974-01-07,대전 강서구 19길 19
e9cfccb3-596b-403c-a925-256a23f894ce,장서윤,Female,58,1966-06-23,대구 강서구 5길 5
23ace331-d99e-43d6-bda4-2812c726dec4,이윤서,Male,27,1997-05-17,부산 유성구 7로 7
ad434999-3437-4b02-ae95-93d8c44911d4,이민서,Male,15,2009-06-03,대구 남구 56길 56
30509ac4-18cd-4c10-90db-4620626ed533,조하은,Male,20,2004-10-10,대구 관악구 51길 51
50a1a3ed-c1db-445e-a85b-3d3022e19b3e,강하준,Female,22,2002-12-04,서울 관악구 46길 46
50f17d82-2feb-4ade-9b4e-e28c1d11546a,장지민,Male,22,2002-10-17,부산 남구 93길 93
c53e3224-198d-46c7-9edf-b27d9671def2,김서윤,Female,17,2007-06-24,광주 남구 3길 3
0e2c3701-57e4-400a-8e4c-e29edf8030d5,장도윤,Female,27,1997-03-14,광주 서구 16로 16
119db26f-1f32-44fa-878e-0747b84075ae,장서준,Male,42,1982-06-23,서울 강서구 81길 81
fc5acf7a-313d-4468-8d6b-10cfc41b7f12,윤서현,Male,19,2005-09-29,대구 남구 2길 2
1844248f-d864-4064-a7d6-5edf2d906b34,강지우,Female,26,1998-10-09,광주 서구 96로 96
42ecb605-a411-4c3b-a7c7-2f3771b2e260,임주원,Female,37,1987-04-05,대구 강남구 45길 45
de29d14e-8f3d-49c0-9407-83129bf1a28a,임서현,Male,38,1986-04-17,부산 남구 29로 29
a5ba447f-15cf-47ca-b259-801e1498594d,조주원,Female,47,1977-11-23,서울 동구 70길 70
0ad6657f-4f88-4bcc-b004-2d1e96a3ba92,윤서윤,Female,19,2005-06-02,인천 동구 56길 56
85bc24db-1dac-4199-b177-dc25802a724d,임윤서,Male,35,1989-09-19,광주 북구 80길 80
bd3920a8-9f76-4f14-ad26-4da826725b3a,박지호,Female,63,1961-11-01,대구 용산구 29로 29
e2e5fbd6-e614-42d3-9abb-2570bfe75c58,강민준,Female,40,1984-01-09,인천 강서구 71길 71
61d8ba3d-289a-4d70-8d2d-9e76f3f65924,정서준,Female,53,1971-03-09,인천 관악구 11길 11
6a24dca4-c0fb-48eb-a547-9ef4c927613d,조서윤,Female,31,1993-03-15,부산 강서구 42길 42
67c0b78f-d5cb-4f1e-88b9-0f9fa9776501,이서현,Male,21,2003-12-01,대구 남구 41로 41
0fd48020-9a3c-42eb-92d6-b5d2cb3c5b87,정지후,Female,55,1969-01-20,부산 북구 49길 49
2c7a07ee-20b3-4b32-a753-5c37f9a0f60c,장민준,Male,55,1969-03-24,광주 서구 53길 53
3c273533-84b3-447f-82da-62c0cf9a262a,박서현,Male,21,2003-05-29,광주 강서구 21길 21
aa942b90-ba41-4e8f-a9ef-60bcff87b3ba,이서현,Female,17,2007-01-12,대전 관악구 39길 39
df91028c-d786-412a-adb9-2fc8ea64b597,김지우,Female,24,2000-03-17,서울 유성구 6로 6
42638211-9b32-4891-9212-c401f16b55c6,강예준,Female,36,1988-06-13,대구 용산구 66길 66
eb3bfd1c-4f9e-43c2-b848-7ab668a9f53c,조민서,Male,38,1986-06-07,대구 용산구 65로 65
9d321e75-7988-4404-b38c-396c0f9ce4ce,김예준,Female,27,1997-08-20,서울 서구 5길 5
0c002058-7d8a-4f85-8ba2-8cf5197c8610,윤서윤,Male,47,1977-06-16,광주 강남구 75로 75
597d4743-50fa-4b58-8ce5-371201f4ef28,정윤서,Male,42,1982-12-26,대구 유성구 88로 88
5fca4991-3c75-4bf7-aca1-7068c0dd75a3,윤서현,Male,56,1968-12-23,부산 남구 24로 24
ae7bd825-eb02-46f1-a33a-9c15dd6dcc34,임서준,Female,40,1984-03-06,광주 강남구 36로 36
b025a51f-288c-4bae-869c-1c6e910f0ffb,김지우,Female,59,1965-02-13,광주 유성구 27로 27
6cb3c6ef-05da-48a1-bdaf-5587fe3e8e95,정하윤,Female,35,1989-05-18,대전 관악구 87길 87
f665793d-54d8-4317-adfd-c43717856559,장윤서,Male,61,1963-02-13,부산 동구 73길 73
1f08317c-1dd0-4c0e-aa2e-2d4aaf819ef9,강지우,Female,37,1987-03-29,대전 용산구 96길 96
88e82383-0f3c-4841-8201-33af894ae1b5,조도윤,Male,13,2011-02-21,부산 강서구 54길 54
348cd87d-9378-4d9b-a619-40bf23ec1a3c,최하준,Male,53,1971-11-14,대전 강남구 26로 26
e5fd0c18-4384-4a3a-ac4d-3e6a68beeb2d,김지우,Female,39,1985-12-05,대전 용산구 43길 43
40d20216-3af9-4209-b953-7089d8ab4abe,김지후,Female,52,1972-06-03,대전 강남구 52길 52
ce0fcf79-a15e-425b-8966-e0335cac3d82,조서윤,Male,21,2003-06-06,대전 관악구 73로 73
ac25eef7-fd49-42c5-a336-0e4260252946,최하윤,Female,36,1988-03-24,부산 북구 67길 67
96a7ebba-3cdf-4bd9-bb79-49b74989e8f9,윤윤서,Male,18,2006-02-16,대구 북구 10로 10
c342efa5-43e0-4d67-af21-e8383b136e38,이서현,Female,42,1982-08-28,광주 북구 63길 63
d543cc13-934b-4062-b5a6-5be3cb36a98f,윤지유,Male,61,1963-10-26,인천 서구 65길 65
c6bbeaeb-c3de-46c8-a54c-7e447c888159,최준우,Female,20,2004-01-29,대전 서초구 10길 10
e68620ca-ef03-4614-bbc3-30418bc64f7a,이민준,Male,63,1961-08-28,서울 동구 25로 25
f6ecbabc-e15f-427f-8b0d-a4e1097d781d,최서연,Female,40,1984-02-20,인천 용산구 63로 63
0058c814-ca78-401b-a720-700f1520f389,정시우,Female,44,1980-09-23,서울 서구 5로 5
c923bcb8-a3c1-4edc-8dc0-74842e5e1b6e,이주원,Female,27,1997-05-04,인천 서구 59로 59
b05b32df-52da-4853-bf02-489df02cdbff,정서윤,Male,52,1972-10-19,부산 관악구 42길 42
387857f8-774f-4c7c-aae0-a18fc0fc067c,이지후,Female,27,1997-07-02,부산 동구 20로 20
022bcd21-85cb-4b40-8506-4f7a92eb17a3,장민준,Male,47,1977-06-29,광주 강남구 43로 43
670d29e7-1c4f-4e96-a5ef-2cda23d395bf,박윤서,Female,13,2011-12-11,대전 강서구 44로 44
351b2355-58cd-4181-9b09-1005fe22decb,박지호,Male,43,1981-08-15,광주 서구 46길 46
335904a5-8801-4ab2-91f5-874369d78347,조서준,Male,59,1965-09-06,서울 북구 43길 43
407e0b02-26af-48ab-a09b-a56479f35e9c,이서윤,Female,28,1996-03-30,부산 용산구 29로 29
0e96b185-8627-45da-b97b-1e825988b2d6,윤주원,Female,29,1995-07-13,서울 서구 88로 88
fca59a08-f0c8-4a04-a334-a0ae22457d45,김서준,Female,33,1991-03-19,서울 서초구 61길 61
091ab673-0642-4211-bf75-affafcc6d665,박하은,Male,21,2003-06-09,대구 동구 56로 56
fc611feb-2198-4812-ac1f-e95e6478a076,장도윤,Male,33,1991-04-30,인천 관악구 48길 48
810aa36c-a397-4dd7-8a33-ec682916e630,박지유,Female,61,1963-08-10,대전 유성구 8길 8
2f864402-28e0-44b4-95ad-fdd4121924b9,정지호,Female,55,1969-11-28,광주 서초구 26길 26
60542007-469b-4728-80e5-8acc6ebe34fe,정지민,Male,31,1993-08-05,부산 관악구 79로 79
1ca55327-02db-4f74-96e6-2a069ca8d8cf,최민준,Male,18,2006-10-06,인천 동구 45로 45
03606b0c-74f8-48e3-8fef-280362373c85,최서준,Female,21,2003-10-01,서울 서초구 31길 31
e62c01b9-735c-46d9-84d4-8b63a77a4335,윤서윤,Female,36,1988-10-15,대전 남구 54길 54
071806e3-5ec0-4d42-b718-996b109c7230,최하준,Male,24,2000-10-07,대구 강서구 86로 86
dd27076e-dbe7-4078-b737-462eeb8ab859,임윤서,Female,46,1978-08-17,대전 유성구 51길 51
d32631a4-4ac3-4d74-ac82-ece7d5facb49,윤지유,Female,34,1990-07-11,대구 강서구 56길 56
221714f9-f453-46ce-b93d-174d5e7afc80,장서현,Male,38,1986-10-10,부산 북구 59로 59
83a3ac14-9569-46a5-b546-871af9d032ec,최서윤,Female,45,1979-05-16,인천 서구 50길 50
cbde8aa9-16ab-4eb9-9e2b-3082fc6b2749,김지후,Male,63,1961-11-26,부산 관악구 9로 9
88c23061-2556-41a9-8b6e-1eee63035841,김서현,Female,28,1996-01-09,부산 남구 73길 73
84f6e4e8-f4e9-4466-b356-1aafbcf64188,강시우,Female,19,2005-05-01,대전 강남구 62길 62
0178dead-50be-4cbc-8d4b-5fbdaf63cc24,최윤서,Female,51,1973-03-05,서울 서구 27로 27
400345b7-7714-4854-b069-2ea769d02850,강지호,Female,13,2011-06-26,서울 서구 82길 82
bd007bdc-29b4-40f2-9fe3-c9c237d8a8ac,최서윤,Female,60,1964-07-01,인천 서구 41로 41
ae196355-6ea3-4539-abc1-5bef9dc0894d,최지후,Male,26,1998-04-19,광주 유성구 28길 28
703a8eee-1ba0-48e2-bbba-3d807c9ae452,윤지유,Male,48,1976-06-08,대전 남구 20길 20
04e46391-544b-4501-8372-76a54efd6cf4,박지민,Female,24,2000-10-04,대전 관악구 2로 2
819e680e-c54a-44b3-b755-837513a5b819,정하은,Female,21,2003-06-21,대구 동구 94로 94
151f43ec-0a16-4f7f-95cf-7475c6121a05,정지우,Male,29,1995-12-03,인천 남구 83로 83
c4289e29-5673-4649-8fec-412394c27656,윤지우,Male,40,1984-02-17,부산 관악구 29길 29
d39f56ab-b36d-439b-9272-b73767b10679,박서현,Female,26,1998-05-08,부산 강서구 90길 90
eccedb1b-54d3-4e89-ad59-75a647378c68,이윤서,Male,46,1978-05-16,부산 강서구 46길 46
21be1c53-7b61-4fc1-88ca-2c41b5874365,박지유,Female,24,2000-11-22,광주 남구 7로 7
8b579ede-75e3-413b-bd5e-23daa2c35a18,최윤서,Female,62,1962-02-14,서울 서초구 5로 5
75ab6521-e3e5-4dfb-9539-9646fddffbd5,김도윤,Female,15,2009-01-30,부산 관악구 55길 55
ca6f4bec-ecdb-4cbc-b625-5c5a24753278,장하준,Male,24,2000-02-18,광주 동구 94길 94
ff07c81e-7a98-4ea0-9256-ba8a88251f9b,김예준,Female,46,1978-01-17,서울 남구 41로 41
900cfc1f-d8c8-45ee-9024-af273f225085,이지우,Female,29,1995-06-06,대구 강남구 29로 29
93dad057-9ae4-4900-8234-93322a7351bb,조민서,Female,42,1982-11-02,광주 용산구 20로 20
c2a8baf7-96fb-474f-9e4d-00e1272fca12,장지유,Male,30,1994-07-03,대전 관악구 14길 14
9f48b264-a34c-4118-b2fd-812cbd049f50,박시우,Male,23,2001-03-15,서울 북구 11길 11
60914eff-146c-4af2-9b28-1e75e4197881,강지호,Male,55,1969-06-16,광주 관악구 88길 88
72022ce9-08a8-4d42-82dc-4a3948121cda,김서윤,Male,59,1965-04-03,대전 북구 3길 3
b9c3923e-d1d8-4ce6-9c83-f134a9bbce5c,정하은,Male,30,1994-01-05,부산 서구 34로 34
e095c844-bec6-4848-abdd-aafc2c7cee76,조민준,Male,21,2003-02-03,대전 동구 52로 52
90ebe46f-0797-40f8-b781-40b2e03cd66d,임서준,Female,39,1985-07-20,광주 서구 43로 43
1162eeae-b983-40ff-bc33-d7ccbb160a45,강지후,Male,13,2011-01-29,광주 용산구 83길 83
3b099a42-6189-4b39-9e76-4b5e3c1d73cc,이지후,Female,28,1996-11-29,인천 남구 73로 73
0e04be4f-0301-454e-985a-121b20180ff3,강지호,Female,44,1980-11-18,서울 북구 93길 93
b1755c0a-b402-4db4-aace-e245f76daf23,조하준,Male,31,1993-09-23,서울 서구 26로 26
9cb5fb32-a155-483f-a840-7c810a68297b,조주원,Female,32,1992-01-12,대구 남구 100로 100
bce7d74a-f33f-4fdb-b92c-3c3d599ad369,이예준,Female,18,2006-01-07,대전 남구 48길 48
7d867d42-b856-4f1f-96d9-166c74b079cf,장민준,Male,58,1966-04-19,광주 용산구 74길 74
282c9ff3-baac-4bfe-b0a3-afe5abc55cd6,강지우,Female,14,2010-05-19,대전 유성구 100로 100
5dfd3da5-83bb-41e5-aefc-b8e4e5aed4ee,윤서준,Female,45,1979-04-22,대전 남구 99길 99
865e020b-33ad-4f19-b369-03e04c16139f,이윤서,Female,41,1983-12-11,부산 동구 94길 94
54a71f1e-582f-4efa-8f2e-2a53f34868d6,임민서,Female,13,2011-06-10,대전 강남구 87길 87
136765b3-4297-46c5-bb64-7fa0be27c993,정예준,Female,31,1993-05-23,대구 동구 65로 65
d412c9c3-3969-4c62-a04e-5f472097b40a,정서준,Female,22,2002-11-09,대전 서초구 30길 30
0a3e00ec-a800-4040-a301-abb088fb5609,정윤서,Male,23,2001-01-14,광주 유성구 53로 53
7a58ba35-9989-4255-b6d0-7134eb712bfa,최하은,Female,50,1974-01-04,광주 관악구 34로 34
1fa57f61-a2f4-407e-aa51-f4ea0e9062ce,장하윤,Female,52,1972-09-07,인천 관악구 49길 49
03a91750-c4ed-4f1a-a947-b61a1b801826,강주원,Male,60,1964-05-10,인천 북구 61길 61
8007befd-bb93-4e9a-96eb-8e54b4cf6b8c,박서준,Female,36,1988-05-15,광주 강남구 88로 88
d94eded6-f600-4219-b197-8f8d4634e3fe,조예준,Male,35,1989-06-16,부산 강서구 60길 60
d066cb7b-260c-4442-8456-b89fe4c41e53,김지후,Male,55,1969-06-23,광주 용산구 2로 2
b2cb53ec-3fb8-41fc-b22c-b380e882c2a9,박지호,Female,32,1992-04-06,광주 북구 9길 9
6889c8e2-6aae-4fcd-bb5e-3406bccb113e,강시우,Male,58,1966-07-24,대구 강서구 6로 6
7a8aa4d6-a870-46f8-a559-f252d172d30a,조서준,Female,28,1996-11-20,광주 남구 37길 37
ffe1a10e-7edc-45fc-bf92-da5c84a7ecdf,최하윤,Male,22,2002-05-14,서울 강남구 57길 57
68ab0ea0-781d-4099-8ee1-7c34d85406b0,정도윤,Female,46,1978-08-03,서울 서구 48로 48
9ee99e60-0197-4e5e-98f3-0744f9a87319,임지호,Male,17,2007-02-04,서울 용산구 70길 70
34fb35d7-d0c5-444d-8860-b867d5cece67,강지우,Male,37,1987-09-25,대전 서구 39길 39
00ed515f-4fd5-4b94-bf8a-0053b3ab5f88,조주원,Male,24,2000-02-02,서울 북구 81길 81
b975e3a8-a899-4c1c-ad56-8eb9726795e4,조지후,Female,35,1989-04-03,대전 서구 79로 79
3ef75b48-2d33-4acb-b8a0-ace7d6f5c3cc,조하윤,Male,36,1988-09-03,인천 유성구 27로 27
16c4e75c-e87f-424b-85b7-a90bf3637924,박지후,Female,26,1998-07-08,인천 강서구 94길 94
d66e7a1d-0878-48df-a075-47626e35c83b,정서연,Female,52,1972-12-03,광주 서초구 81길 81
b4c9acd4-7796-49e9-9656-9b9a442fc264,김시우,Male,54,1970-02-23,광주 남구 94길 94
0cbba94b-097d-48e7-ad49-4dc0818a8545,강시우,Male,26,1998-10-25,광주 강서구 30로 30
582bf35e-96e2-4abc-abfc-ba7876ec6123,임하윤,Female,20,2004-11-20,대전 강남구 78길 78
dc2b7565-eaf7-4db6-8233-be7def908502,조지유,Male,45,1979-03-03,대전 남구 66로 66
022e5fe5-e6b5-4e72-9130-3babc7bf5205,박하윤,Male,56,1968-08-29,부산 서초구 46길 46
68635626-e371-4df6-82d9-49e1b8f9feea,김도윤,Male,21,2003-04-08,대구 서초구 8길 8
7be916c1-1621-49f5-b009-ae644be0e83d,이서현,Female,49,1975-03-25,서울 관악구 1길 1
e178b576-b360-45f5-9104-fff650357ac9,김지민,Male,33,1991-05-31,서울 유성구 93로 93
313773d2-5e68-424e-9c1b-c60d56e8ddbf,이서현,Male,15,2009-11-13,서울 서구 81로 81
405753c2-647e-4966-9ac0-84d5de6ff90e,이지후,Male,28,1996-04-22,대전 용산구 94길 94
27901a98-13be-4098-a866-5a934ad756d3,김도윤,Female,36,1988-09-12,서울 유성구 100길 100
68433049-de98-4512-8544-4895f7d4e1d9,임하은,Male,13,2011-12-09,대구 남구 7로 7
b61af93f-0a1d-4308-b49b-900092ad52e8,정지우,Female,25,1999-10-16,서울 유성구 54로 54
624f931f-2a60-48d4-9c8e-73c2794098d9,임주원,Female,21,2003-02-22,부산 동구 8길 8
91099295-7ce2-45f3-9c9c-9e2001249b8e,윤예준,Male,27,1997-01-31,대구 동구 27길 27
1fd91d51-0f7c-4a59-8a82-d7a030fe92a0,김주원,Female,54,1970-02-20,인천 유성구 54로 54
01083566-c3c3-4cfa-a951-b646422de8f6,이예준,Male,41,1983-09-06,인천 동구 95길 95
ab3d0e15-46a4-42f7-9a25-b6d6f96b5f9d,윤준우,Male,38,1986-12-05,대구 용산구 66로 66
f167f120-03e8-4b72-897f-aa95e9498c5a,강시우,Male,60,1964-10-31,광주 관악구 84로 84
27169dfa-f390-40b3-8a73-222da167dac5,정시우,Male,50,1974-06-21,부산 용산구 92로 92
e7da88e8-4f3e-43c3-a15f-37a3d5c029ae,장도윤,Male,39,1985-02-05,인천 강서구 70로 70
0a8d3144-c7cc-4c80-82d3-ea1dbd5832fa,이서윤,Male,13,2011-11-01,대전 북구 91로 91
fbe84419-ef1c-4437-883e-a43e34078566,최도윤,Female,54,1970-07-16,광주 용산구 99로 99
3f79920b-6109-4221-b4bd-3800f407a3c4,강시우,Female,47,1977-02-03,인천 서초구 73길 73
7bb818d3-793c-40b7-a599-a6a81b8954dd,박서연,Female,55,1969-07-15,서울 동구 45길 45
62d73ab0-d04b-4ff3-82dc-ba1c1473a7f6,정민서,Male,15,2009-04-17,부산 동구 97길 97
635a52cf-4c21-4e26-8cf7-1374db57d251,김지후,Male,54,1970-01-01,부산 관악구 44길 44
2d21ebfc-4f60-4bd3-8d3a-846eed418b4d,조윤서,Female,28,1996-12-01,인천 남구 50로 50
69b6a42a-d71a-4cc3-9799-a792d03ea4c6,정지호,Male,63,1961-07-01,대구 남구 90로 90
3a4c2069-3f17-45d0-bdbb-fc809618a386,박주원,Female,49,1975-06-14,서울 관악구 6로 6
cd52dd0e-99f9-4c7a-9cb1-cb6a5ed42dde,윤민준,Male,42,1982-02-10,광주 서초구 90로 90
2656edae-442f-436d-96a7-fa126701c4f5,최서윤,Female,44,1980-07-20,서울 유성구 30길 30
46c75427-1461-4837-9a76-8bcc2b7ca0b3,임지후,Male,59,1965-03-17,대구 남구 50로 50
3bf60003-a153-4c6f-a77d-82541ae4ebce,박주원,Male,60,1964-11-10,광주 용산구 13로 13
1dd06821-7384-485c-bde6-900f50ea66a6,김시우,Male,35,1989-02-15,대전 동구 84로 84
5cbc5ab5-add0-4af7-b4db-1aaabda4617e,이지민,Female,64,1960-02-27,부산 강서구 72로 72
dcc01ab6-0abe-42a9-9a8c-7b1ab101d288,강서현,Female,42,1982-10-05,부산 서구 16로 16
33c64390-5373-4976-abb2-4cb01228564d,정지민,Female,64,1960-07-03,광주 서초구 46길 46
59fe02b7-afea-4071-a514-a77e391cae94,조지우,Female,57,1967-08-10,인천 서초구 100로 100
a964dedf-69c7-4c03-89b6-7cc6067b62b8,임지민,Female,63,1961-05-18,대구 남구 83길 83
a22b4e96-a3a1-4da0-855f-ee797115f210,강지호,Male,39,1985-02-02,광주 서초구 70길 70
42e15de0-4211-4137-b7f8-19b4590a759d,장예준,Female,39,1985-08-13,대전 서구 22길 22
7d426d21-8aab-4402-b993-191548a17b10,강예준,Male,60,1964-09-23,대구 서구 73길 73
69467a72-c328-4e3d-beef-d8a67a03bb1f,김하은,Female,51,1973-07-01,대구 동구 8로 8
a1e7a796-a463-457d-a135-cf7f178a67de,장지우,Male,36,1988-04-10,광주 유성구 69길 69
a2f73609-c7d7-47d0-9576-bdde719fe8b9,이민서,Female,36,1988-12-30,부산 남구 13길 13
b685f6b1-bf9c-4f0e-9ccb-06fe1b0a20f1,정민서,Female,34,1990-06-21,대구 용산구 60길 60
b357a9be-dafc-45eb-8b92-793581193161,박서준,Male,51,1973-04-02,광주 서초구 11로 11
f2f3e78d-c1b9-465e-8a35-3413fdb7a2f1,최서윤,Female,56,1968-06-26,광주 서초구 27로 27
28f4943a-f5eb-45b4-bb2d-bd921b4958f7,강지후,Male,52,1972-12-19,대구 북구 96로 96
9b26bdf8-24e5-43fb-b5a2-3e3ca0820777,이예준,Female,63,1961-08-11,대구 서초구 49로 49
cfdd3499-6ed4-4b3b-833d-988342511317,정지우,Male,26,1998-08-28,대전 북구 80길 80
01e940c3-8c52-4537-bfde-507af9faa912,강예준,Female,26,1998-09-12,인천 관악구 62로 62
7f6a02c1-9461-4dd7-8643-c46f16562d04,강지우,Male,55,1969-08-31,대구 강서구 84길 84
fa9a9a27-cb91-4fd0-9be7-540e8b468dae,정서현,Male,35,1989-12-26,대구 강서구 41로 41
cb017312-b31f-4c81-8e6a-ab99c6f53b49,정지우,Male,34,1990-04-03,대구 동구 62길 62
122670c9-a8e9-40e9-ace5-c7340689ce4d,임서윤,Female,45,1979-11-01,부산 유성구 95길 95
f61b8e03-942d-4642-ad45-eee51fbd8e99,강지민,Female,47,1977-11-05,서울 북구 81로 81
661f1010-84c8-4dcb-b531-0b64a02d7c78,임지호,Female,56,1968-06-12,대전 남구 44길 44
05a988f3-c117-4a5c-8720-21fe7003d296,임하준,Female,47,1977-10-25,부산 서초구 29길 29
b786a16e-9e4b-4fc7-bc28-25305f4d68a6,조지우,Male,26,1998-11-26,인천 유성구 78길 78
fb39ff29-8808-4f10-b61f-b688c0545e03,강지후,Male,49,1975-03-09,대구 유성구 26길 26
c50d45d5-d585-4795-b698-6bdf733b9718,이준우,Male,58,1966-04-04,대전 남구 57길 57
882aa380-195c-4a0c-8f38-cadd05c235f9,이예준,Female,44,1980-01-13,인천 서구 88로 88
9ba05b67-4744-416c-8ba9-49e522059cff,정지유,Female,34,1990-07-25,광주 관악구 44길 44
5d88ac6e-e212-4b9f-9ca4-75e8e9d5c7f5,임하준,Female,22,2002-12-28,광주 용산구 52길 52
65ac63e1-f653-4a83-b2c3-3136f57931a5,장서준,Female,24,2000-05-29,대전 강남구 95로 95
b13de832-a331-4976-b695-4f598f7ecdb2,최민서,Female,43,1981-07-22,부산 동구 55길 55
2b3c1694-b83c-4426-b98b-d449589706ec,조서윤,Male,19,2005-10-14,부산 강남구 30길 30
992a72a9-d57d-469f-bf0c-f18c39cd83be,최서현,Female,21,2003-05-19,인천 강서구 37로 37
fa01bddd-07c1-46fd-b54f-b210097e2f34,이지유,Female,34,1990-12-26,부산 서초구 43로 43
10f63f0b-6201-43d0-a942-99510aad58fe,이지후,Male,51,1973-09-15,대구 서구 78길 78
06f9365f-0425-4172-8e45-711db01278cb,정준우,Male,52,1972-03-29,광주 북구 36길 36
a3b1476c-7074-4542-94ce-b23f44c322f7,최하은,Female,39,1985-01-18,인천 강남구 74로 74
8302d628-9e7d-47d3-a391-a4487ba8a3a5,장예준,Female,22,2002-11-02,대전 강서구 7길 7
277f28ac-bd53-4d2d-a4f3-383400d124e6,임준우,Female,46,1978-09-09,대구 관악구 28로 28
227d9853-8017-45f3-9d0c-9676a8e532b9,장주원,Female,35,1989-02-01,대전 강남구 77로 77
62ff7cd1-eb6f-4c1c-8330-6a9c006bd0b7,조예준,Female,61,1963-03-13,대구 북구 14로 14
58c80a20-0762-4454-8c8e-ca52f393acb1,조서준,Female,23,2001-06-25,인천 남구 94로 94
a1f9fb80-f4f1-4e23-a73b-30f155b4e5f2,임준우,Male,47,1977-02-02,광주 강남구 98길 98
56168977-322c-4301-945a-213c4f2e7f3e,강지우,Female,14,2010-02-27,서울 서초구 10로 10
179e1d7e-4385-4464-8960-2eb66849a65f,강서현,Male,57,1967-05-15,광주 강서구 29로 29
f34f29cb-fd33-4697-b7f5-260375702bd8,임서현,Female,18,2006-09-28,부산 북구 26길 26
13bcbf81-bb10-4208-92e4-a00303155be0,조예준,Female,42,1982-11-23,서울 동구 72길 72
81fdaa57-caf5-468f-88e7-6472a3b36613,강지후,Female,64,1960-07-05,광주 동구 21로 21
ca3b9c8b-ac31-47a9-b0f1-f03888fc0afa,임서현,Male,35,1989-02-01,서울 강서구 86길 86
c19b985f-c504-4117-ae77-78b07b67ab42,장서연,Female,55,1969-01-17,서울 강남구 32로 32
de09d964-0703-42cb-bea4-936ca72140cb,임서현,Male,60,1964-04-13,대전 서초구 38길 38
c3b21b5e-06b5-4aa9-a6a3-388643e30f4c,조하은,Male,22,2002-03-17,광주 북구 31로 31
908cdc5d-d347-48d4-9c7a-45a55d39656d,김주원,Male,52,1972-02-15,서울 강남구 35로 35
c6885940-e24f-449b-915e-1bc28eb29dbd,김하준,Female,55,1969-09-03,대구 서초구 74로 74
6bbc42d5-19ba-49cc-9721-5888f42eda84,박하은,Female,16,2008-12-25,광주 북구 7길 7
d2b59e77-7eeb-4ef5-b6af-fb5c6b0fe9fb,김서준,Female,57,1967-07-15,부산 관악구 52로 52
05ad6346-96b4-4c53-8970-b5f6b786663a,김지후,Male,36,1988-11-09,대구 용산구 61로 61
ee967720-779c-43a1-b93e-41665b544042,박지민,Female,38,1986-05-07,부산 서초구 74로 74
628e51ad-0921-4489-b6e0-b95d14fe8214,임서준,Female,62,1962-02-18,대전 강서구 58로 58
608a7ce6-c53a-4067-8e1a-8bdc599936c1,김서연,Male,57,1967-10-03,서울 서구 94길 94
d9e5de75-8406-4873-985d-6a8849a85aae,강예준,Male,43,1981-12-27,대전 용산구 79로 79
c45ff686-11d6-4b42-97ba-2cb665002dd7,정지민,Male,36,1988-07-24,서울 서초구 70길 70
3666aaf2-017b-425e-91c2-74ac83b00a5d,정지호,Female,46,1978-04-24,인천 남구 95길 95
8fb855f7-0d14-4647-aafc-104f4e165398,이하준,Male,30,1994-10-24,인천 서초구 62로 62
31a7589e-614d-404b-9c89-7c9337d29902,박지호,Female,36,1988-02-06,서울 유성구 71로 71
7a5b81e2-94a5-48f9-a20b-e68b6e325c31,윤서윤,Male,45,1979-04-20,광주 동구 91길 91
6301cd28-8418-4af8-be55-7a7c6458d15e,김지민,Male,60,1964-05-29,인천 서구 12길 12
70ddd946-f271-4b02-8ca5-521891846cb7,강서준,Female,23,2001-01-13,대전 강서구 43로 43
15844484-1e91-40e5-89d6-3d145c6b1fd7,임민서,Male,54,1970-12-31,부산 유성구 81로 81
56c0cf34-9bd4-4545-9696-61e1c79b3591,박민서,Male,56,1968-04-28,광주 관악구 34길 34
86565318-e561-4edd-a5df-8290590abb04,장민서,Male,20,2004-08-06,대전 서초구 79로 79
321c4bb1-c356-4299-9589-85f0f87748d1,강지우,Female,54,1970-03-19,대구 관악구 26로 26
24e0940e-7967-47f7-b344-2c7f0b3f50f2,김윤서,Male,49,1975-03-03,대구 유성구 34길 34
adb32f2b-156b-47b6-b3ba-83d8d6c26311,이서현,Female,55,1969-12-05,부산 유성구 62길 62
716dbc4c-1ff3-4f37-bcfe-51c788a85c43,임하윤,Female,26,1998-08-21,서울 남구 87로 87
00b1cdd5-1223-4aeb-96b5-e2cfcb8f8812,장서연,Male,13,2011-07-28,대전 서구 67길 67
ee2d45ff-3bc9-4ce7-95d2-ba6203563495,김도윤,Male,31,1993-03-26,대구 용산구 33길 33
d61fa741-9374-4b12-8cb2-24658b540b9f,정지후,Male,41,1983-11-21,대구 용산구 56길 56
3d331c21-b620-4967-aabb-4611fec8323a,임지후,Female,14,2010-11-25,대구 강서구 55로 55
132df792-a2e6-4e16-b793-297c678ba52c,윤민서,Female,28,1996-01-18,대구 서초구 19길 19
9377a406-0dc3-4e95-8150-333984536908,조민준,Male,39,1985-12-03,인천 유성구 81길 81
46d97bdb-277d-48df-ad18-18df9f912bc5,이서현,Female,55,1969-05-24,광주 강서구 66길 66
00cc1278-62a1-490f-8942-8a59a77b8c81,김하윤,Male,34,1990-06-17,광주 관악구 12길 12
7faf0ae0-64c9-4d4a-a661-72e23ca94bce,장서윤,Male,57,1967-09-20,대전 남구 45길 45
e5a033a1-2fc0-48c4-85f6-d72596a60716,장도윤,Male,33,1991-09-17,인천 서구 87로 87
107a82c2-775d-4912-a5b2-d84298fcd475,강지민,Female,58,1966-06-10,대구 서구 92로 92
dff0c72b-2ee1-4f1b-9632-a3f5817dade0,정지우,Male,33,1991-06-25,인천 남구 25길 25
57adff10-6f50-4ce3-b341-e2a2379675e3,장서준,Male,55,1969-04-18,인천 강남구 29길 29
4735c908-fcc1-431b-b6fe-94ca2396e633,임하은,Male,22,2002-03-09,부산 강남구 74길 74
a54cc1b2-ce82-424e-8282-a4afade91460,박주원,Female,32,1992-02-10,인천 서구 61길 61
2c679064-753f-40f8-9fb8-1c94dcd2cde0,강준우,Male,62,1962-11-30,광주 유성구 68길 68
b40c80c7-b8c7-490c-ac2f-6c5cc208e0a0,이지유,Female,26,1998-06-02,부산 강서구 52길 52
8068f01b-a628-40e9-b98e-5ad5e93e2b69,박서현,Male,43,1981-05-30,인천 강서구 45길 45
201f8ea7-179a-47cc-95a7-053b0aadf175,강지유,Male,36,1988-05-24,부산 서초구 88로 88
c46545aa-c3f2-4498-84a4-e500f191929d,윤하은,Female,18,2006-08-19,인천 관악구 53로 53
1cb484a1-241a-4a8d-a9f5-05d6adc5c433,박지우,Male,22,2002-06-22,대구 유성구 20길 20
23073d6b-4a4e-43fa-b72e-75b1b1a28288,조지유,Female,35,1989-12-27,대전 강남구 78길 78
52c78d79-c0dc-41da-9cd1-bdccc7055817,최서준,Male,55,1969-12-29,광주 관악구 20로 20
4eb2aca3-1e26-4f4b-88d5-ef5797a2647a,이민서,Female,63,1961-11-29,서울 서구 79로 79
3196d6a5-2e36-4b1c-b696-28448bc92886,최서연,Male,22,2002-06-06,광주 용산구 62길 62
2d8928e4-a8f6-40f3-aafe-ae866919d1d2,김서준,Female,44,1980-01-20,대전 관악구 99로 99
9e3d80f7-c3be-40c5-9143-a11b6c228162,임지호,Female,32,1992-06-15,광주 남구 51길 51
a1e1c5bd-396d-461b-97ec-2c8d4c07ee46,장하윤,Female,14,2010-05-20,인천 강남구 66길 66
f9a56fb3-6df7-4296-a017-49b43327325f,윤서현,Female,55,1969-02-07,대전 관악구 89길 89
245337cb-bd0b-41bf-94ce-37ec11af5e5c,장준우,Male,30,1994-09-08,대구 관악구 59로 59
486ebff9-2ad1-46c1-a7fc-433ebd4b135b,윤서준,Male,60,1964-02-20,대구 강서구 96로 96
54a4c3da-e876-4545-a32a-4e11774cb7a3,최서연,Male,55,1969-02-21,부산 북구 12로 12
f9acf3b5-d45e-447e-a63c-918a141c8299,정서연,Male,58,1966-02-18,인천 남구 9길 9
3e4a4163-621a-4398-84e1-e7aa33a002bf,이하준,Female,26,1998-06-21,대전 유성구 34로 34
e41c2d98-6744-4873-88eb-375da7ad08dc,장서준,Female,19,2005-06-26,대전 북구 36길 36
d553e74f-73ac-4272-bf13-6f5f5f5511df,조민서,Female,30,1994-09-26,부산 용산구 10로 10
5deab809-7fa1-4d0a-a114-30146ecb8554,박지우,Female,14,2010-01-16,부산 유성구 88로 88
62034156-a13f-477a-8789-7c976d2ba56a,최도윤,Female,15,2009-12-04,대전 서초구 37로 37
b15f1295-79c5-462c-9ab9-10a9ad7c2e25,김하은,Male,21,2003-08-19,서울 서초구 86길 86
c7be0983-612f-4415-a996-f897b784e988,이하은,Male,42,1982-10-17,대구 서구 96길 96
c1c858a5-ba30-48ab-9ad9-ccd5d2149f6d,박하윤,Male,19,2005-02-27,광주 북구 63로 63
825003d5-05a6-463f-8d3c-ab49db9e4c25,조서연,Male,33,1991-06-14,광주 북구 25로 25
03a6b82e-f6c6-4206-9f0c-6a74a79ddbf1,김예준,Male,18,2006-08-02,대전 용산구 26길 26
51054196-b941-484e-9def-2936f671d119,박서윤,Female,24,2000-02-20,광주 강남구 59로 59
97dd6bc4-6413-40f3-af82-daf81a05bcaf,이주원,Male,43,1981-11-16,대전 동구 87길 87
9297309c-ab95-4ca1-a5c7-6120aa3e6006,임지호,Female,32,1992-11-28,대구 북구 26로 26
ccb87355-b9bb-43db-ae0f-d474ea719891,박서윤,Male,22,2002-10-10,서울 강서구 56로 56
110da2ca-e8a8-4d05-a64d-c7124bd2dd70,강시우,Male,63,1961-08-19,부산 동구 7길 7
ab56ec3e-f687-488c-9b30-9ecb0b4240ab,윤하윤,Male,43,1981-02-24,대구 동구 40길 40
77634dc4-b4ad-4f1b-b0c1-bc015f8af032,임서준,Female,26,1998-09-02,대구 강서구 92길 92
6062e98f-f83a-4224-8434-d579394c5b46,조민서,Female,24,2000-02-03,대구 관악구 14길 14
40b43d32-a759-4fb7-8908-d85cb3413f50,임준우,Male,47,1977-07-07,대전 동구 91로 91
232b4cfc-87d3-4f84-a8e8-39353e57f51a,임지우,Female,29,1995-04-24,광주 서초구 5로 5
8f2f7853-76b2-444e-8b82-5c829a22f084,정하준,Female,59,1965-05-07,대구 동구 77길 77
43681ecc-a772-4e71-887f-abb711044a7f,정서현,Male,17,2007-08-12,인천 남구 78길 78
7eaaca82-320e-44c1-87d6-f0a862019f75,박하은,Female,40,1984-08-28,대전 서초구 6로 6
17a58f43-6b22-4ea3-9f20-b883f20d595f,조지후,Male,51,1973-11-07,대전 강서구 21로 21
3b23977d-a6fe-4580-bcda-a8170fcf1d52,장지유,Female,58,1966-12-07,대구 서초구 77길 77
3e2311c5-9324-47d8-a309-b9a472bab334,박지후,Male,39,1985-12-28,부산 남구 10로 10
84f379f5-2820-4108-9b23-010a3de38b1d,정하은,Male,30,1994-01-31,부산 동구 26길 26
9e2f8bfa-220f-4870-9f63-cd815697ad41,장지유,Female,35,1989-02-25,대전 동구 34로 34
1e716454-8787-4d17-a885-da10d5cfb690,임주원,Female,31,1993-07-24,대구 강서구 22길 22
0d2cc7df-ed8b-445c-997b-7491cf27f43b,이하윤,Male,27,1997-10-23,대전 강서구 62길 62
a8499112-0dc3-492c-9a8b-95666212b8a7,장윤서,Female,17,2007-05-09,대구 강남구 68로 68
828fa90c-960c-4881-a432-4029e8367fc7,윤지호,Male,26,1998-02-17,인천 서구 49길 49
3369835d-d48f-4420-989b-d64d7d6e7ac7,조지민,Male,34,1990-12-27,대구 유성구 44길 44
0de10fdb-fb36-4dae-a52d-59661f45b6e0,조예준,Female,29,1995-03-28,광주 유성구 46길 46
54ef2e66-79ea-4c50-a0f7-d0d0613deadc,정예준,Female,60,1964-11-02,서울 강남구 37로 37
f0e10938-8379-4b17-987d-07fb4f6a718b,박윤서,Female,18,2006-01-24,인천 용산구 58길 58
887485af-c5c9-42ab-8c70-223e7bb18575,조하윤,Female,62,1962-11-04,서울 용산구 51로 51
bf88220e-7663-4d11-9da8-20e4b9bcf495,조하준,Female,28,1996-03-31,대전 유성구 32길 32
40d6acf2-0044-48ef-8edf-a3c3a03d328c,이주원,Female,46,1978-12-15,대전 남구 34로 34
d67a5266-6e33-44c5-8aad-499baedb0834,윤준우,Male,51,1973-11-13,인천 서구 62길 62
de6ecbaa-e056-40f7-8ff2-bb85fa7c51cd,강민서,Female,18,2006-07-02,부산 동구 80길 80
bff93266-fcf4-4e26-b909-58fb9590cc5c,이서현,Male,19,2005-11-22,서울 남구 55길 55
40680128-2035-4639-b9a9-84334a019fa6,김지유,Female,40,1984-05-24,대전 유성구 77로 77
5c0f6b94-5c7d-4eb0-aeed-27adad786720,조예준,Male,37,1987-09-29,대구 강서구 51로 51
c80f52e3-4062-4098-88a4-06b3a7c7df72,이지호,Female,50,1974-03-19,인천 동구 23로 23
60de2531-7ca3-47d1-ac84-09c8bbf2d2de,장준우,Female,33,1991-05-06,인천 남구 70길 70
66fbdae9-322d-47c6-a291-c1cfdde1bb35,김시우,Female,61,1963-03-26,서울 강서구 87로 87
e37ace58-daca-419b-8d10-019b5269ba0c,윤서현,Male,57,1967-07-03,부산 서구 47길 47
4e1da31b-af48-47d0-96c4-d907bbb3168e,박민준,Female,17,2007-11-18,서울 강서구 12로 12
9215c286-3a80-4e27-abfb-99521cdff077,이하은,Female,18,2006-04-29,부산 동구 51로 51
b32c03ea-dcac-402c-a011-55155fa899a9,김서윤,Male,18,2006-12-04,부산 강남구 60로 60
25ca82cd-f890-4bf5-82e3-72080bf166c9,박도윤,Male,20,2004-09-27,대전 강서구 79길 79
76a6ccee-0fbb-4ac7-9b54-3b02215cab00,임시우,Female,22,2002-03-02,부산 유성구 72로 72
04e4e864-a9ec-4314-b6e8-9f8833872092,정지우,Male,44,1980-04-12,대구 강남구 44로 44
0d5560d2-d438-40aa-a952-53e8a71237c9,강지우,Female,54,1970-09-17,광주 북구 55로 55
2cd33f7a-b8ef-4d23-8046-c760ab45d900,김주원,Male,37,1987-12-19,서울 강남구 5로 5
b209e06f-7426-4518-854a-0e2206c4de98,강하은,Male,54,1970-02-04,대구 북구 87로 87
77a7395d-86d0-4c94-b250-493f005fd7be,조지후,Female,39,1985-01-29,인천 관악구 7길 7
56919178-5834-4e3d-a9cf-0cccd0b4e4b3,조지유,Male,56,1968-07-28,대구 북구 62로 62
d9c7ed99-0173-4db1-835e-3d09e00d94c2,최도윤,Male,25,1999-10-15,서울 동구 87로 87
c4e0d228-b0dc-41bf-a47d-2c14deaecb04,이서현,Male,17,2007-04-13,대전 유성구 50길 50
bce42a1f-5247-45a4-bd59-4001f2870c63,정윤서,Male,55,1969-12-28,대전 서구 30로 30
6808c10a-b13e-4c2d-b672-2459b1dd3ffd,장하윤,Female,60,1964-09-12,대구 강서구 50길 50
833fcf00-7024-4e25-80a8-06db5ea589b3,임하준,Female,28,1996-05-08,서울 서구 72길 72
393cdd53-b161-45bc-90e1-ae0494880c58,윤지호,Female,30,1994-04-19,부산 관악구 7로 7
2de2feeb-0820-4276-8dd5-85e60458c5fb,이준우,Male,34,1990-08-25,대구 용산구 87로 87
f1fc02bf-8daf-41e8-aa7e-711487d65a06,장서준,Female,20,2004-08-01,대구 남구 44길 44
dae3f222-8a1e-4f30-aedf-0a7352adc633,장예준,Female,19,2005-01-01,서울 남구 7길 7
077e26ff-2758-4931-a3c6-9b81820a28e9,강윤서,Female,40,1984-11-11,서울 북구 91길 91
97981f66-80ba-407a-a462-4424b8d35a48,강시우,Female,24,2000-02-09,부산 유성구 51길 51
5b752250-78d0-4fdf-93bd-c5caccc43067,최준우,Female,24,2000-06-06,부산 서초구 51로 51
57e2a05a-3448-4930-90d4-20f7c91801f3,정지후,Male,59,1965-11-12,광주 강남구 43로 43
7e85a465-502f-40cf-bcbd-e0bb83526d17,강지유,Female,57,1967-04-03,대전 서구 75길 75
c5554a33-73c8-4eef-930a-60c5c6aac98d,정예준,Female,46,1978-06-19,부산 북구 5길 5
582b31fd-3617-4e9d-8b0a-92a569bc60fe,최하은,Male,56,1968-09-05,인천 유성구 73길 73
2c367b2e-d11b-48c1-a671-b67f33ebe728,정하준,Female,54,1970-02-07,서울 강서구 44길 44
a5d07d6a-01d5-4839-b66c-6d54158054bf,조지유,Female,52,1972-07-28,인천 서초구 3길 3
c9b892b0-5435-4349-98fd-1b892a9b24e6,박윤서,Female,55,1969-03-01,서울 관악구 47로 47
51950cd0-f95b-42c8-a3d4-d3d48f4898b0,김서준,Male,28,1996-04-11,대전 유성구 28길 28
0eeede95-e244-4127-bdcb-c2435489e7ab,장예준,Male,24,2000-12-22,인천 동구 56로 56
e271b275-8c99-4dc1-98a3-5d64b2c3bbe6,강지민,Female,44,1980-05-19,서울 북구 43로 43
be4a82dd-ba4f-4e92-bc5c-d373559a1bd7,이서현,Female,49,1975-09-04,대전 강서구 19길 19
f78e5cc2-c3f4-4854-860e-93c1e90b7c8e,박주원,Female,27,1997-05-16,서울 서구 45로 45
f10c91f6-353b-41d1-ad82-9ba4eecd153a,이서준,Female,22,2002-05-13,부산 관악구 21길 21
7299cfd3-27d7-46a1-ac08-bbc859215559,정준우,Male,48,1976-06-01,광주 서초구 100로 100
e2841cd8-24a8-4117-8d92-b4ef2c1c4d98,윤민서,Male,61,1963-12-04,서울 유성구 72로 72
6e4cd590-f8bc-4a83-93a3-e443cd4cf61d,이지호,Male,27,1997-04-16,부산 북구 49길 49
f3b27e98-21ee-4a2e-b2bd-4956bed0ea87,정민준,Male,36,1988-04-29,인천 유성구 47로 47
8fda9da4-99c6-4915-b74e-a826ab527a54,정민준,Female,48,1976-04-25,부산 강남구 79로 79
f56a7e90-86bf-446b-a90a-0697556c4a3b,김지유,Male,34,1990-02-15,서울 동구 4로 4
fe073a01-6a5f-483f-81d2-71e331fbd597,최서윤,Male,36,1988-03-13,대구 북구 86로 86
09053f07-9d97-44e6-a018-082c83bef65c,조하은,Female,50,1974-12-09,대전 서초구 9로 9
eb9fb8a6-644e-410a-9721-4ec88a2c9e13,윤서준,Male,60,1964-11-11,서울 유성구 13로 13
0697c688-2159-4f81-b305-848ef4f26937,정지후,Male,30,1994-04-07,인천 남구 14로 14
3157373d-f75d-4fe7-bda6-f7635e87e2bf,윤지민,Female,26,1998-10-18,대구 유성구 32길 32
b7e94cb7-9983-4aaf-aca4-0d7358d78c1c,김예준,Male,27,1997-01-01,서울 용산구 41길 41
515b696e-286b-49bd-b3c2-5ac113061e36,조준우,Male,34,1990-12-26,대전 강남구 58길 58
ef03aeb4-9622-443a-af16-4221ede807ac,임서윤,Male,58,1966-07-28,인천 강서구 18로 18
714b833e-065c-40b6-9b9f-5a061b3933c3,임지우,Female,36,1988-04-24,광주 동구 67길 67
a046d1f4-fd95-4716-876b-714e6a2e4c3a,박서윤,Male,64,1960-08-31,대전 북구 26로 26
fb882a55-a277-4ec9-b726-792f68283c72,김시우,Female,27,1997-07-06,인천 북구 93길 93
5f3b9cc2-fc69-4260-afe3-9ff4c10feb26,정지민,Female,59,1965-11-21,대구 동구 60길 60
5e3981aa-7224-4160-9bc0-3e5ea4b9a30c,윤하준,Female,34,1990-06-04,대전 용산구 42로 42
36d0b199-f68f-4a0b-91d3-1162a7209bb3,임지우,Male,28,1996-12-09,대구 서초구 90길 90
0386d70b-5914-48a4-b317-b6c96efab736,윤지민,Female,36,1988-03-01,부산 서초구 37길 37
2e0701aa-9bb4-483b-b335-bcf02bdad250,윤하윤,Male,40,1984-03-24,부산 용산구 80로 80
30734f4f-ff53-410c-a934-df09d9dfbdef,임윤서,Female,51,1973-06-11,서울 관악구 71로 71
cba2904a-5239-462c-9bf8-92d592b1b332,이지호,Female,35,1989-03-15,대전 남구 66길 66
ae804917-eb86-44e3-8fd2-89e0894dff3c,강민서,Female,51,1973-03-29,인천 남구 91로 91
433f5419-a935-4a8b-a30e-1b3579d86b49,최하윤,Female,39,1985-08-09,서울 서초구 90로 90
f812ea73-90a7-4c02-838d-9e453ce572ec,정서현,Female,50,1974-04-09,부산 서초구 62길 62
d58f5b5f-66ae-4a26-9070-9a4c94ec2ba2,정지후,Female,62,1962-06-25,부산 서구 71로 71
fdf6eca4-c0c4-4ff8-b9bf-21e21d1741d4,조준우,Male,45,1979-12-14,인천 관악구 80로 80
11955c3e-bf93-418e-8f27-95e8624c5cae,장서준,Female,48,1976-04-22,서울 용산구 79로 79
b277d0f7-ef92-4c72-9509-197448b9a45f,이지우,Female,19,2005-10-30,광주 관악구 93길 93
63ee38cd-d349-43b2-b96d-af34f1384a1f,임주원,Female,22,2002-03-21,광주 관악구 39로 39
3399a72c-d44d-4ee0-bea7-f518500ae19d,조지우,Male,59,1965-07-04,인천 유성구 2길 2
18489671-df97-4e93-b603-a8d05c4dd4a5,조지우,Male,35,1989-11-19,광주 관악구 71길 71
773bbc34-97cd-42f8-bda2-ba775fcab02e,장지후,Male,44,1980-02-14,서울 남구 77길 77
f48d23d2-c832-4ac0-b91a-b90ebac9424b,이주원,Male,56,1968-01-21,부산 강서구 86길 86
bab40c80-b6af-4ff7-a55d-bbf4b5187f33,이서준,Female,54,1970-05-16,대구 관악구 44로 44
6308b00a-3630-4c19-ad94-77f7e3a66b62,장지호,Female,31,1993-02-23,인천 서초구 29로 29
0b49ff0f-a19e-4056-8c7f-09f7c40b4a10,김지호,Female,60,1964-02-20,서울 강서구 18길 18
242284b1-d047-48cc-92a5-c046567fd3eb,강시우,Female,17,2007-04-30,서울 강서구 71로 71
4cc34efa-d468-4a7c-baf9-c95b4e7bb53e,정하은,Male,49,1975-03-24,광주 유성구 14길 14
156caa85-6097-4776-818e-0882b7e7f7cc,최지유,Female,22,2002-12-24,인천 서초구 23로 23
425da5e9-5df1-43c2-9a2f-2a7fb1e5f76d,정민준,Male,64,1960-12-28,대구 관악구 15길 15
b61fdfa1-952b-476e-9f3f-9ba4e7805fb1,윤하준,Female,49,1975-04-05,광주 서구 98길 98
2716ae30-1bf2-4b76-a608-7a49d8f8f5ad,임서현,Female,46,1978-12-23,부산 북구 48길 48
38fb03af-1731-4b3a-b01d-cfa266b5c734,장서준,Male,16,2008-02-02,부산 강남구 11길 11
c020513e-abe4-4d05-9b97-de512ce7468c,조윤서,Female,13,2011-09-07,대구 강남구 93로 93
b210ff88-716b-4492-810c-b2602d8f63cf,최예준,Male,38,1986-01-22,대전 관악구 33로 33
55a77b88-34f0-4210-b022-99e267c49304,최하은,Male,31,1993-05-23,서울 용산구 3로 3
236d2fdf-f2f1-405e-a7e9-f4f7a24627ca,강지후,Male,21,2003-03-08,인천 강남구 57길 57
61936edf-80e6-4105-8bd3-a1d828c4b877,정민준,Male,43,1981-03-07,대구 용산구 74로 74
ed0787ba-a7b3-4a04-9ff1-a15e477bf75b,장서준,Male,47,1977-07-31,대전 용산구 37길 37
3ffa5800-a571-4182-b1fd-b8e2813c037f,강지호,Male,43,1981-08-12,인천 남구 47길 47
b78dec51-8be3-48af-bd2e-0520dae6c9f9,박준우,Female,53,1971-12-23,인천 남구 61로 61
ae8c4dc8-8e37-4ed8-8183-a001c1fb1e77,조민서,Female,43,1981-02-15,대전 북구 59로 59
891c576f-b77a-49b7-a538-0fcfb660d095,이민준,Male,29,1995-11-08,서울 동구 5길 5
d7a46f54-9f9b-42b3-a2bb-b24e6861e455,정도윤,Female,61,1963-03-16,인천 북구 75로 75
7aea4a7a-a5fe-42fd-a5f9-e0245724fd43,임민서,Male,38,1986-02-04,대전 용산구 30길 30
2c49c183-94cc-45c8-bbaf-e21d3667b95b,박민서,Male,50,1974-12-10,광주 북구 15길 15
3f1efc00-6e6a-4abb-a82e-eaecf5ba8010,강서준,Male,14,2010-09-20,대전 강남구 11로 11
3ef12a82-0f29-48e2-8c04-3d5b58f6c4a2,강하윤,Male,49,1975-11-07,서울 강남구 53길 53
e5e9783e-ad8e-4f6c-896b-2a7abf56c22d,최서준,Female,52,1972-05-03,서울 동구 76로 76
63bbedb9-e785-4f6c-bcfb-59d9e3b78d03,최지후,Male,32,1992-10-03,부산 동구 65길 65
1df3f9d9-c9c2-422d-87a8-0b22aa886f93,이지민,Female,28,1996-06-02,인천 유성구 12로 12
94756d9a-bb6f-47fd-8b7b-c3f6734b67e8,박예준,Male,40,1984-05-30,광주 서초구 72로 72
61ac83a0-efcd-40d8-ba03-bd2630a89504,이하준,Female,49,1975-01-29,광주 강남구 11로 11
963b52e4-54fe-4949-a3ba-c8043d6b38d7,조주원,Female,19,2005-11-19,서울 강남구 76로 76
069e5cc7-bbf2-4513-a84f-9827ada9bc6b,이서준,Male,24,2000-12-05,인천 관악구 92길 92
a5b61494-cef2-4886-804d-8f1fa4a39005,이지우,Male,39,1985-06-13,인천 서구 8로 8
b5397fc8-234c-4f61-b000-32c4621fd0c9,강서현,Male,52,1972-11-10,광주 강남구 78길 78
b2c27d3d-c0fa-4c29-b0a3-a1f3ad2e90fa,윤윤서,Female,42,1982-11-02,광주 유성구 72로 72
9075b315-7136-4f32-aa15-23a05b391e92,장예준,Male,52,1972-08-22,대전 서구 3로 3
708256c3-d7bd-4d94-a4eb-157e5d256cdb,장서현,Female,50,1974-04-14,대전 서구 38길 38
8d3c752f-94df-460b-a5b3-c4878c653aaa,박서윤,Female,46,1978-12-25,인천 유성구 73길 73
8a45c75a-aa45-4e52-8838-0035b1af01bf,강하윤,Male,27,1997-02-11,광주 강서구 28길 28
b89db7ef-6ae1-4bda-b0e8-2c334d99c4de,임윤서,Male,63,1961-03-14,대구 북구 81길 81
4dd69f7b-454c-4327-88ac-d537d9353af9,최서준,Male,50,1974-01-15,인천 서초구 98로 98
d546d904-49d0-4515-8649-786d2c8ef439,강지민,Male,56,1968-05-11,서울 용산구 27로 27
4412fb46-fbdd-4d4e-9533-c17613d1abe2,임지유,Male,59,1965-03-11,부산 동구 50길 50
7b877e60-feb0-466c-a56b-646a39ea11e7,이서현,Male,22,2002-10-14,인천 서구 30로 30
e4f88130-0da9-454b-b52c-4fe3a069a299,정지민,Female,51,1973-11-19,대전 유성구 75길 75
30f748ba-4de4-44bf-88a8-01443a1ab9e2,임지민,Male,59,1965-10-23,광주 유성구 79길 79
5da6a4d4-4ede-4e03-bff9-4178f2b3f6a1,김지후,Female,14,2010-08-18,인천 서구 70길 70
ada2f431-86ed-4cb5-adec-3b5cd907550d,정윤서,Male,56,1968-09-29,대구 관악구 98길 98
32e4522e-d961-4b6a-bfc3-6e077297e315,임서윤,Female,18,2006-01-21,서울 북구 83로 83
645a013b-2d1b-4788-985a-11a1a09dc7c9,장민서,Male,57,1967-11-14,서울 서초구 25로 25
339ce041-d702-4819-aa0e-22b2c22b619a,정지우,Female,38,1986-07-27,대구 북구 26길 26
8a072a56-5f2b-475f-b093-d8b302c09d5f,조지호,Male,24,2000-04-14,대구 유성구 8로 8
2d2f4ad1-4e46-4964-9d29-f66b9f3e09a0,임지호,Male,28,1996-06-29,대구 서구 37길 37
f23a8aa5-b40c-4b47-81de-2b254e2d334c,임서연,Male,24,2000-12-11,광주 관악구 98길 98
70e37603-0529-43d4-9f15-deea45c294ac,김주원,Male,28,1996-05-21,서울 서초구 31로 31
b4d82b99-9eb6-4f32-829e-8784f864a9a3,이예준,Male,41,1983-12-02,광주 남구 97길 97
1c9e22ca-58e0-45b7-aab9-7b85c460760e,최예준,Female,42,1982-02-09,대전 강남구 56로 56
689bb017-d0a3-47d0-88f0-72608ab31e02,강서윤,Male,47,1977-07-20,광주 서초구 12로 12
91a12454-413a-4eb5-9b51-e3c112adeda1,강민준,Female,61,1963-09-22,대구 관악구 58로 58
3cbd2035-fec9-4544-8d74-2120a51abfec,최도윤,Male,42,1982-07-26,인천 유성구 52길 52
9f192eaf-6c93-4b32-98b8-46e667222656,윤지호,Male,64,1960-09-05,서울 관악구 56로 56
6212d721-de2b-4117-b138-24216c1a249c,김하은,Female,31,1993-09-17,서울 북구 88로 88
f515003a-3826-4d9c-bf4b-c06a2d7decd7,임민준,Male,25,1999-06-18,대전 유성구 10길 10
dbb47bb3-fa7d-4021-8a12-900765e0c309,임민서,Female,56,1968-08-05,대전 동구 56길 56
6507c6ed-654c-484a-84b9-3b07be9791c7,정민서,Male,38,1986-10-06,광주 동구 15길 15
eecb51ac-7696-4cf5-9956-1f6e62a1bf46,이서현,Female,39,1985-12-31,부산 강남구 7로 7
97bc8b99-82c0-4fae-acaf-2b6ad9fb9118,이민서,Male,53,1971-10-09,부산 서구 9로 9
41b5a485-2c3d-4229-8e5f-514aaa7e1098,임하준,Female,47,1977-06-03,서울 강남구 66로 66
2fa9b05a-b500-43b0-b564-004b89ee77ec,장서현,Male,41,1983-06-22,광주 서구 61로 61
99346def-1b48-4180-ab75-f297ebb5917a,최민서,Female,33,1991-08-07,대전 유성구 87로 87
7606adec-8f5e-45a5-852d-e741002e77bf,강준우,Male,14,2010-02-04,대전 동구 93길 93
d03813eb-f105-47aa-8d16-df9caea480e0,이주원,Male,23,2001-01-27,광주 용산구 35로 35
aef10c3c-89d1-4f13-9286-fc57f8c31aaf,이시우,Female,31,1993-10-21,서울 용산구 67길 67
2e72b3f7-598d-4181-bfc8-b141f1544df0,정도윤,Male,13,2011-11-30,인천 강남구 37길 37
0e8ef196-687b-4002-904d-6e8046388ac5,이윤서,Female,22,2002-02-14,부산 북구 88로 88
a8b0051e-23b9-461d-86c4-fe0b62d6b496,정지후,Male,14,2010-11-16,대전 동구 17길 17
a7eafe06-95f4-43ec-993d-f86ae7739f4c,임하윤,Female,35,1989-03-28,대전 관악구 27길 27
29867d8e-fc5c-4966-bca4-4a38f638575e,최하은,Male,31,1993-09-22,인천 동구 20길 20
fa1ef3f0-40aa-4283-b09d-25f2d261e921,김민서,Female,22,2002-08-29,부산 관악구 34길 34
699fbff8-15c2-4384-9bdd-190f84585a98,임주원,Female,44,1980-02-25,광주 강서구 56로 56
ae720805-892c-4c8f-bcbe-8e2ff3107a6c,임지민,Female,56,1968-01-19,광주 강남구 8길 8
3b1e914c-0f10-4020-9a48-0e882c3b414c,이준우,Male,25,1999-12-08,서울 유성구 50길 50
9cbac70b-3def-4d25-88f4-e393be448bc8,최지우,Female,21,2003-07-12,대전 동구 44길 44
f2733494-a6fd-45bd-bf70-c7aa3d0a146e,이지호,Male,64,1960-01-22,대구 용산구 21로 21
099a9a5e-7153-4856-abd2-51858562bcd4,김서준,Male,52,1972-03-11,인천 남구 91로 91
9e631759-eccd-4f76-9355-abd9b3c15f09,정하은,Female,35,1989-07-03,대전 북구 5로 5
20f7bb89-07f0-4fd7-b421-805ca6246de8,이윤서,Female,54,1970-02-19,대전 남구 55로 55
0d4e28d3-c608-425e-a095-cb61419b2f5e,최시우,Female,36,1988-11-11,부산 유성구 92로 92
aa531179-2cc0-43ba-af5f-fbfd9ccd005f,정지유,Female,49,1975-03-14,대구 강남구 60로 60
efff7f4a-2d22-4ac3-b2b5-1131d72660f3,조민준,Male,40,1984-06-07,대전 강남구 88길 88
ee8cb4a6-8050-405d-aafd-4b5757ed7ddf,김지우,Female,53,1971-07-26,서울 유성구 1로 1
05696a4a-fa95-469b-9e19-295ecc4dcfc1,윤준우,Female,47,1977-06-24,부산 용산구 56길 56
a08b21f4-9f90-44d0-aa3e-c09de241fa35,조시우,Male,33,1991-06-09,인천 용산구 64로 64
c0c5ad12-8b9d-416f-b845-255acd1c4a04,윤하준,Male,36,1988-04-16,대구 서초구 94로 94
7eb358f2-16d8-46b7-a893-dfa27eccb2e4,윤예준,Male,54,1970-04-09,대전 관악구 56로 56
2cc62c8b-725f-4ae8-9398-1748dc673ad3,김서연,Male,18,2006-12-30,대구 관악구 6로 6
11c1344e-ef92-4917-bfdb-560168062e2f,임하준,Male,15,2009-03-12,서울 유성구 2로 2
3b3475a7-7f97-44c0-a4f4-19101d6fb680,임민서,Female,56,1968-04-01,부산 동구 17길 17
279c3021-2b67-4aae-bc62-9441652c12fa,임시우,Male,33,1991-03-12,부산 남구 16길 16
7ba064cf-4f5c-40d9-b5a7-8727867c7388,윤지후,Female,64,1960-03-17,인천 서초구 30로 30
a5e70662-0192-4618-b919-0760258e3e0f,박서현,Male,50,1974-02-09,대구 강서구 54길 54
9be04bef-445e-48a9-b77b-a9d524312bb7,강하준,Female,36,1988-11-08,대구 유성구 34길 34
8879e24d-4c17-4c94-8e92-5250de08f787,장하윤,Male,31,1993-01-14,인천 서초구 10길 10
31411ac6-6709-4717-a4e4-25b2e63ff218,정지호,Female,49,1975-01-22,인천 용산구 65로 65
ef7cf3f1-d4de-47ad-806a-a7eebfc50071,이지민,Female,21,2003-11-23,서울 유성구 33길 33
2e6b0c9f-d489-4d72-bc3b-c6b9ade0e38d,박지호,Female,46,1978-02-24,서울 서초구 45로 45
5b9aee3e-96b5-44bf-bf76-f628134e33d0,조서연,Female,35,1989-12-31,광주 강남구 55길 55
8a8fb2f8-16c2-4bbb-b653-e39f7c588615,정윤서,Female,34,1990-02-23,부산 강서구 5로 5
9dc8201f-0f2f-4e0b-befa-f3da3c59c2f1,이지민,Female,31,1993-10-07,부산 서구 85길 85
4c48c867-e169-47d4-913c-cb8420339633,장지민,Male,23,2001-04-12,광주 용산구 39로 39
d703bcbd-762d-4066-b950-93cf523e923b,장예준,Female,14,2010-07-24,부산 유성구 29로 29
d6000c76-a858-404d-81e7-6726ee7ee22f,윤예준,Male,24,2000-06-18,부산 유성구 14길 14
6acc8d6a-f880-49b2-8c14-44055acc6392,윤서연,Male,29,1995-03-17,서울 서구 94길 94
cafdac89-9d3a-4290-b01f-6229e1e13de7,박주원,Male,24,2000-04-17,대전 서구 13로 13
9d0b98f2-03ab-449f-9022-d7e4a622a3b8,박하윤,Male,39,1985-01-12,대구 강서구 72길 72
2b35c189-5c62-4c09-85af-3695e1c05ba6,임민준,Male,20,2004-11-04,부산 용산구 85길 85
b4d1a7ef-02b8-4e0d-996e-22ec9aea2ed5,윤하준,Male,18,2006-06-10,광주 강서구 86로 86
c254255f-6de7-4d05-88d3-6985405eed4d,강지유,Female,28,1996-11-04,대구 서초구 80로 80
d4605a90-0a43-4f1d-8d78-74c590cc2788,강민준,Male,17,2007-06-21,부산 유성구 47길 47
c1a73f88-38d4-4750-a934-5bce9b498acc,이서준,Male,39,1985-10-19,대구 서초구 79길 79
37c1477e-d0d0-4a33-bc05-22add6dec100,박민준,Female,50,1974-07-31,대구 유성구 60로 60
9d64b9e4-8c86-447d-9b47-bb8fa0ae6a0d,김하윤,Male,33,1991-02-04,부산 유성구 13로 13
b65262dd-b9ee-436d-86f2-459b6d777507,정서준,Female,57,1967-02-19,부산 강서구 20로 20
9416dcc7-16c6-421e-b407-f5ef144cbe00,정하준,Male,37,1987-02-09,대구 서구 99길 99
f2ca8a00-0b4a-4d7f-8aa7-7c692af2eb41,정지후,Male,34,1990-07-31,대전 서초구 15로 15
79bc6092-d554-466b-8d42-96a0fb74b94d,임하준,Male,52,1972-05-23,서울 강서구 34길 34
08a3658c-06a8-4573-be30-9de58cb785fe,김지유,Male,36,1988-07-09,광주 서구 71길 71
9f42c012-4217-415e-860c-e5a2fec12ab2,김지우,Male,18,2006-09-08,광주 관악구 69로 69
56b29fe5-3fac-460a-88dd-0fb9101977b0,임도윤,Female,23,2001-06-07,대전 서구 91길 91
3f97a73f-bf70-4865-981f-831415948052,임지호,Male,19,2005-04-06,대구 남구 14길 14
76ff7f78-4d23-483a-b4a8-39880891bedb,조하은,Female,16,2008-05-01,대전 북구 39길 39
c3ffbd8c-bb9b-411f-8c41-77b56d39297f,조주원,Female,49,1975-12-17,대전 강남구 72길 72
79ef5bd3-817b-4673-946d-7a7b0b4653b8,윤지민,Female,19,2005-02-20,광주 서구 81로 81
5f5ad1f6-726e-42ef-9380-1aac708e5524,이윤서,Male,22,2002-11-01,인천 남구 73로 73
ef80f078-605e-4d7b-9bde-d356b63faca9,강지후,Female,20,2004-03-14,서울 동구 73로 73
924667d4-ff8e-4e24-89e3-61a78bbfc384,장하은,Male,15,2009-12-20,부산 강서구 19길 19
9333a4cd-f7fa-4b08-b36c-51b750994399,이지민,Male,30,1994-06-27,대전 유성구 89길 89
0876de01-cce0-4e8b-8075-1cf29d824be1,조윤서,Male,19,2005-07-08,대전 관악구 79길 79
df6c1e91-f895-44eb-b09b-d4829b299f71,김지우,Female,24,2000-05-15,부산 동구 23로 23
b6d0d8c8-3b8a-468a-af04-c820a094260e,임윤서,Male,38,1986-05-12,부산 유성구 28로 28
c74f315c-4e49-4082-9e37-1fdb37991d98,임시우,Male,55,1969-07-04,부산 동구 88로 88
67f55d6c-0de4-4306-88e4-b5a3d2f3d2d9,박하윤,Male,40,1984-06-01,부산 동구 43로 43
3317f07a-2a99-4109-b1ce-7ffe2ffb3570,강준우,Female,48,1976-10-12,서울 유성구 30길 30
5e630340-ae47-4bef-8a9a-f78ad89cf6a9,강윤서,Male,38,1986-07-28,인천 남구 75로 75
af6833ae-6025-49d7-a210-0bec5c554ca5,정지우,Female,64,1960-03-07,대전 동구 31길 31
f46f40c7-18a5-41dc-9ecb-4718d249b74b,박지후,Female,19,2005-12-28,대구 북구 69길 69
f2f48dfc-24bb-417b-8378-147a93f75b4a,임서현,Female,27,1997-09-16,대전 용산구 40길 40
64462a8b-8cde-4359-a6de-38906800e435,최시우,Female,29,1995-07-28,대구 관악구 18로 18
d5913097-d081-434b-b92c-4017506c8491,최하준,Female,25,1999-05-31,서울 강서구 85로 85
f07a5e88-17df-4d51-b770-d75b08b70194,임지후,Female,15,2009-12-27,대구 서초구 56길 56
4a7cfad7-f28d-42f5-9552-6f334580951c,임지우,Male,24,2000-12-28,대구 동구 44로 44
d696a926-e101-4ca1-94de-a845dbb73374,임민준,Male,27,1997-03-01,광주 강서구 98로 98
ab691fcd-7c59-4eb6-acbb-84ba4e297447,김지후,Female,55,1969-01-14,대전 서초구 48로 48
d06e8b29-1d1e-4877-b50b-22e1e2aaf4a8,장지호,Female,56,1968-07-24,서울 북구 74길 74
f00827c6-59b5-4557-a9b7-0f5698b6a707,장하준,Male,38,1986-07-20,서울 서구 32로 32
11aa5559-483a-429f-96b0-0870401420e1,장윤서,Female,51,1973-09-29,광주 강남구 26길 26
a3a1a58c-dad7-4963-9686-d39fbf9bad25,김서준,Male,42,1982-02-24,부산 용산구 94길 94
9ad5baa5-73a8-48c3-999c-b217697e5d58,강하준,Male,59,1965-08-22,부산 강남구 82길 82
b89a40b1-2c53-4550-95ab-0ec41d80b5cf,최서윤,Male,29,1995-09-17,부산 서초구 77로 77
f110283c-e17d-45eb-a0bf-0741aadf0ec1,정하준,Female,38,1986-11-22,인천 강남구 63로 63
242204b6-cf07-44ef-97fe-7a3dad909ca4,장서연,Female,27,1997-04-23,서울 남구 24길 24
5b8cd7ed-ffce-4d4b-95f6-80df5d7fe2ba,장하윤,Female,63,1961-03-03,대전 강서구 35로 35
c16ac33d-be89-4804-9de7-ec30c24d79ce,정지호,Male,24,2000-08-25,서울 북구 34길 34
d1ba96d2-7ee3-4886-9eab-56c035f1372d,이하준,Male,46,1978-12-14,인천 용산구 75로 75
2ed59842-710f-4cec-998d-a533af790cda,정서윤,Female,45,1979-04-01,광주 강남구 27길 27
e94022fa-0dfa-4987-beef-4ca4f16402ac,정윤서,Male,50,1974-10-25,대구 강서구 93로 93
3153ed5c-c8b2-4db8-a95f-fc828d0e1f54,김민서,Male,14,2010-01-24,대구 강서구 76로 76
dc16fed5-b087-4ebe-bc27-345669965bb4,임민서,Male,38,1986-10-02,대구 강남구 84로 84
5dc9ccde-464a-4bcc-b728-60e5f5ed974d,장하은,Female,43,1981-12-01,인천 용산구 55길 55
37c9cafd-d492-4bb6-a684-d4fcf5c8f513,임지호,Female,40,1984-11-15,대전 용산구 82길 82
60694409-a1a9-4a1f-a82a-a661bcdd57c9,조하준,Female,35,1989-09-13,대전 동구 43로 43
58716111-ec9e-4f31-89c3-4ab4c2aa30be,최준우,Male,14,2010-12-01,대구 동구 71로 71
37de5636-48d0-4c0f-9a5f-777ff4af63f6,조도윤,Male,19,2005-11-30,광주 유성구 37길 37
2e0bbc23-8f68-4d5a-b874-7712497568aa,윤민준,Female,16,2008-01-23,부산 북구 73로 73
fe3571d6-e6e6-46c0-999b-a393427615ee,강준우,Male,35,1989-09-06,광주 용산구 2길 2
6f8ba92e-3cde-47eb-a23d-f8fae65292cf,정지민,Male,58,1966-03-23,대전 관악구 1로 1
e6c5a7c2-fb84-4947-9080-167e083ea357,윤주원,Female,30,1994-05-12,인천 동구 28길 28
d03f9bdc-4fe3-43d1-9bfe-0b8cf0e2f93f,박서연,Male,31,1993-04-04,인천 동구 12길 12
4cdf78a6-eafb-41f2-bdb5-6aa2d2a19531,조서현,Male,40,1984-01-22,부산 유성구 85길 85
0fcd531b-b77e-41aa-8d26-e8aeb05cbb07,강서연,Female,22,2002-03-23,인천 강남구 90로 90
d55da3b3-9d70-4a7d-a376-9dd68da75021,임서윤,Male,43,1981-05-04,서울 강서구 14로 14
92d884e2-fef1-4f10-aad4-66989806ccbb,이지후,Male,59,1965-04-13,인천 서구 2길 2
09e6f3e1-0c68-481e-a9ed-1cb7398e9a7f,정하은,Male,32,1992-04-12,대구 남구 82길 82
ea4dbca5-3944-41b9-ba5e-06305599dca3,임민서,Male,45,1979-01-06,부산 용산구 43길 43
bdc5370c-1637-4acc-96ee-dd76618aac7f,강시우,Female,32,1992-06-07,대전 동구 80길 80
866ca89f-c876-442e-9688-f7a43baabe27,최서준,Female,26,1998-01-17,대구 동구 13길 13
e267fa2b-1473-4a91-b095-dacbb7b1ef10,이지호,Female,22,2002-03-09,부산 북구 71로 71
cb7eae23-6052-43be-9693-ea81e62012b9,김준우,Male,54,1970-01-31,인천 관악구 53로 53
a118ae77-c6cd-4065-b1bc-0ad5ac9c2ef7,최지호,Female,43,1981-09-01,서울 북구 77로 77
efea839f-ad9e-48a6-b730-86898ecb38c6,조지민,Male,43,1981-12-29,대전 용산구 22로 22
1a584aac-a824-4e51-95d8-7e01f07426e3,이윤서,Female,62,1962-06-02,대구 동구 53로 53
526c870a-712c-4fc3-a2bc-e8246135bf54,박시우,Female,18,2006-12-14,인천 유성구 62로 62
bf2e66bc-8569-4fcc-9920-89b48baf6beb,장민서,Female,56,1968-05-19,대구 북구 31로 31
fcebba00-066b-42d7-b3ac-548bf9ea141b,최준우,Male,52,1972-01-25,광주 강남구 12길 12
b35f308d-efe6-470c-b1d4-d0f4d371b090,최지호,Male,43,1981-10-27,서울 강서구 64길 64
cead3691-28da-4209-a494-1c53f1b75b6b,윤예준,Female,43,1981-03-30,광주 관악구 47로 47
7854cac9-353b-4ce8-ac0d-0a170c17ce20,정주원,Female,49,1975-03-09,광주 유성구 87로 87
2816ee6c-6e3d-4197-b217-26d1fdcbd5e7,강윤서,Male,59,1965-01-31,서울 남구 93길 93
c2a7cda9-bbb1-4f6a-bc6c-50a3124e645d,조주원,Male,25,1999-12-01,인천 북구 55길 55
56a63d54-c3ee-478c-959a-e418527afd03,김서윤,Male,64,1960-02-19,서울 강남구 9길 9
7d1afe4f-3b33-426d-91d5-4ac9bf828e2e,최서준,Male,46,1978-05-05,부산 용산구 91로 91
ca0f0ff5-fe9e-421f-886b-257611b72f7a,최지민,Male,40,1984-12-01,인천 강서구 69로 69
cc150752-da11-4070-a478-6079b715901c,강민서,Female,55,1969-01-14,서울 북구 45로 45
76ca0fd7-83ef-4aa6-80c2-181501f33bba,강하은,Female,35,1989-01-14,부산 동구 50길 50
256d3087-513b-44ae-80c0-faa3a378469f,윤서현,Female,40,1984-02-14,서울 서구 84길 84
8896d5a7-62e2-4a6c-83f3-9a559f50a29f,장민준,Female,17,2007-04-22,부산 북구 46길 46
01deeedf-1f07-4932-89de-5f9141c6b085,임서현,Female,62,1962-03-07,인천 강서구 34길 34
02c1fc8f-203b-4d6e-ac9d-da9614192624,최서연,Female,22,2002-09-06,대구 강서구 44로 44
ae57a7c9-b546-4d2d-a13c-80137a83e1ce,임지호,Female,52,1972-04-19,인천 강서구 70길 70
d1eb8ed3-fb83-4433-b52a-3a96b4367ee5,임민준,Male,53,1971-04-16,광주 서초구 86길 86
1734f4e1-1c1f-42c9-83fd-88bab1a94a44,정하윤,Female,33,1991-07-18,광주 강서구 46길 46
b7923789-7fa8-402b-b068-ffaae3e66f8a,윤서현,Male,33,1991-11-19,서울 서초구 100길 100
5033a094-e2bc-4e39-910f-82c43fc32145,윤시우,Male,60,1964-07-07,대구 용산구 48길 48
ad420b9c-2350-4d39-a773-b6473754b80e,최예준,Female,63,1961-07-21,대구 강서구 99길 99
f5d16d35-f94c-42fe-a0b1-1a8ddcc0e5ba,김하윤,Male,36,1988-09-24,광주 서구 62길 62
4f84f5ee-c586-4399-89d8-049ef7bdca25,강지우,Male,21,2003-12-15,대전 북구 38로 38
83743e27-fd5f-493e-860e-773577d19a9c,윤지민,Female,24,2000-12-15,대전 강서구 10로 10
9edcdf11-ad28-4373-95d3-7eff34e1607c,최민서,Male,46,1978-05-26,인천 관악구 46로 46
6de5df7a-1b05-487a-9f7d-05db757f1c36,조하윤,Male,52,1972-01-31,서울 강남구 42로 42
5f8da22a-2136-4cc9-b4b6-329fc195dc32,윤지호,Male,46,1978-02-12,광주 유성구 88길 88
6629fcc5-da73-4167-98e5-e13afc8d0c0a,최지민,Male,31,1993-09-29,광주 서초구 4길 4
adf00621-1f68-479b-9904-0f21f2a59646,정민준,Female,50,1974-06-03,인천 북구 72로 72
c3ea753b-df2e-4c24-bb2a-132cc5a815ef,조시우,Male,45,1979-06-02,서울 남구 15길 15
e7a1f26e-a50a-4f3c-b6c6-90183b6a3553,임도윤,Male,19,2005-06-04,광주 유성구 67길 67
b72f7975-a395-451f-bf26-03a2542bb711,윤하윤,Male,20,2004-05-07,대구 강서구 100로 100
df8260d9-8951-4b82-818a-780282254c24,박시우,Female,59,1965-01-23,대전 동구 98로 98
97dbbbb5-4900-418a-8c39-41a73a9d564e,박도윤,Male,34,1990-02-20,광주 유성구 41길 41
8bd8e74b-030d-4987-9add-083b9318303c,임지호,Female,14,2010-07-17,대구 서초구 5길 5
beb4c593-73ed-43dc-8124-3e7bcba35b17,이지민,Female,32,1992-01-28,인천 관악구 84로 84
a243df08-5c91-4075-bfeb-67167c182b5c,임서윤,Female,20,2004-10-17,서울 동구 75로 75
afbfb4a1-ccb9-4704-8148-fab8fc92f4a7,임예준,Female,20,2004-12-01,광주 유성구 82길 82
108b7830-e39d-4176-acc7-fe0e4f56bc1d,정지민,Male,23,2001-05-03,대전 유성구 6로 6
d2faccc8-e55e-44fa-892d-88c71890f327,장지우,Female,46,1978-09-10,부산 용산구 42길 42
3bccf597-f060-44ec-9539-7efd404b000f,조서준,Male,25,1999-12-10,대구 동구 70로 70
03a14f88-acf4-4677-8866-e3f44a29093a,박하은,Male,52,1972-10-03,광주 유성구 43로 43
1b73620f-b231-46ec-b5c6-c1d4a2e0dd6c,정도윤,Male,29,1995-12-15,대구 서구 48길 48
be8c2694-5f9b-482b-8809-755c0110defb,김민준,Female,37,1987-07-28,서울 유성구 4로 4
fdef2e8f-6a90-4e37-8b1f-e1f9331d00af,강민서,Female,40,1984-09-01,인천 남구 52로 52
1d18cbf7-c31b-4291-b0cb-1bca0e7b7f16,조예준,Female,21,2003-12-19,광주 남구 55길 55
aa1fbe3f-c6d8-450f-a7b1-303ba412a35f,임서현,Female,38,1986-01-18,인천 강남구 73길 73
aa6158ab-769f-46ea-8ce1-b680ebeca3c8,조예준,Male,42,1982-08-10,광주 유성구 1로 1
1eb2fba2-2d34-4372-bdaf-ffadefe2e8d3,정도윤,Male,17,2007-06-21,서울 동구 4로 4
eccb75d1-2f8a-471a-976c-b2e9d5a7b41c,강민준,Female,43,1981-10-30,서울 남구 92로 92
4e4243b3-4a9e-4475-b1a9-2c3f5fdbdff0,이도윤,Male,63,1961-04-26,서울 남구 28로 28
c724ed63-6416-40a1-8c6c-37f744fd44d3,임서연,Male,19,2005-03-12,부산 강남구 14길 14
a3093d28-c4ad-4ff0-888b-0be69a93b86d,최도윤,Male,57,1967-11-14,광주 유성구 12길 12
57b606ae-c452-4434-b5e9-dff51534662c,장서윤,Female,35,1989-05-08,대구 남구 19길 19
7597b51b-fc25-4727-8a36-fc2f8861ec79,김민서,Male,31,1993-02-13,서울 동구 57로 57
63e377b5-6bdb-4bec-a6c2-81c85011d2fa,강지우,Male,58,1966-09-21,광주 용산구 33로 33
13507f16-5f7f-451e-aff5-0f318efb728f,최지유,Female,27,1997-01-23,인천 유성구 34로 34
a75eef5c-7390-4fbc-9ccf-1b5987bd926d,윤준우,Female,40,1984-07-09,대전 관악구 92로 92
74d38c71-d0d1-481c-aef4-0fb278a6ba42,김예준,Female,29,1995-05-28,인천 동구 87로 87
69b64af0-b75b-40a4-a27e-fe986ccb65fd,김지우,Female,57,1967-07-04,광주 관악구 74로 74
4bbb3b01-e979-4cb7-90ee-fbe30e495026,정하은,Male,39,1985-11-09,대전 용산구 4길 4
8b362d57-9e1f-4567-8e9c-f2fe6f774e20,강시우,Male,44,1980-11-22,광주 동구 11길 11
66d491c6-ebe4-43a2-8654-0c5df6e767dc,강서윤,Female,17,2007-01-04,대전 강서구 1길 1
84996c21-03ec-4649-945a-70b0c48b7b36,장주원,Female,21,2003-05-14,부산 유성구 78로 78
27847606-ba7e-46f9-a323-f0887156d19e,정지유,Male,64,1960-05-30,광주 동구 34로 34
7611e9df-360e-4114-9e15-d12e7bb17ee4,정윤서,Female,16,2008-12-30,대구 유성구 23로 23
cef0c2b9-c29c-4dd0-86fc-79901a00b0d5,최하은,Male,41,1983-09-12,부산 서초구 61길 61
1fdcdc55-a789-4e4b-8798-c2cb98becd09,임서준,Male,63,1961-02-09,대구 남구 16길 16
55eddcc2-6eef-4ed9-b797-53d8c3e77afd,조주원,Male,15,2009-06-27,인천 강서구 95길 95
9752be07-10da-4551-ba0e-18804dbd8980,임주원,Male,50,1974-11-01,부산 서초구 6로 6
a68b585e-8fdf-44f3-8e52-8bab05c69230,정준우,Female,20,2004-12-23,인천 동구 39로 39
2198619a-3eac-467b-bdae-893d228214c1,김지우,Female,32,1992-04-28,서울 용산구 95로 95
60342afc-f42b-4020-a790-1244d5cab3bb,이지민,Male,48,1976-02-23,광주 관악구 18길 18
522919f2-761e-4225-a846-9f5e61325459,임윤서,Female,16,2008-09-05,인천 남구 67길 67
87c2501e-1d23-40e8-af67-922585023d45,강하윤,Female,64,1960-06-14,서울 서구 78길 78
5470a26c-f16a-4ef3-97e9-a301e0e90512,최도윤,Male,20,2004-08-08,부산 강서구 5로 5
47978611-1730-4136-a8cf-9bc20a02d4b4,장지호,Male,21,2003-10-27,대구 남구 36길 36
74b25632-4051-4ce3-99b2-7a33ef4dcd95,조민서,Male,61,1963-06-01,대구 용산구 58로 58
6d41df33-eb1c-455e-88cb-6dfc88d24e2b,장서현,Female,17,2007-09-23,인천 유성구 26길 26
99ed4891-e32e-4e8e-9410-bc89900698d0,조하준,Male,64,1960-09-13,서울 강서구 28길 28
dded3de9-f2cd-4f7c-aad1-715fabf1b863,최민서,Male,38,1986-12-10,광주 강남구 41길 41
3a86a068-8eb9-47d9-93c4-6809738aa053,조윤서,Male,15,2009-01-27,서울 관악구 31길 31
6868abb6-7516-462f-95a4-77856a94410f,조민서,Female,49,1975-05-10,광주 서구 21로 21
8a7c46f9-b3fd-4bb2-8193-7c896db312ea,윤서준,Male,29,1995-12-15,서울 서초구 22길 22
f2a1a714-e2f2-416c-9e3f-0c3eb29faefe,이윤서,Male,51,1973-09-26,대전 북구 51길 51
86c2d0ee-11ad-48d1-a59c-f6e9302a1ce1,박민준,Male,28,1996-10-22,대구 유성구 92길 92
0e5a93eb-b566-4b60-a85a-27a9cfd5b546,정지유,Male,34,1990-03-26,인천 남구 79길 79
eab9ceb1-aee5-4147-938e-fc6879358d2e,임서윤,Male,31,1993-07-21,광주 강남구 23길 23
c4cb1dc7-0aec-4e45-9a53-4227c11bd798,이지후,Male,14,2010-07-15,인천 서초구 10길 10
7deccb2a-ff1c-4e45-aecc-6714e72bd753,윤시우,Female,38,1986-10-09,부산 북구 94길 94
09c14ebb-aaa2-4691-9814-a4a2bfcd0a31,장시우,Female,28,1996-04-24,광주 서초구 20로 20
8655e119-d85e-4f18-92b7-8d90224e172a,김지후,Male,33,1991-08-08,광주 강서구 14길 14
69584caa-a23a-40e5-a71f-08b5fbf27fee,박서연,Male,53,1971-09-07,서울 유성구 40로 40
b8c4b25a-24b9-425a-876d-5ef131b9940c,강윤서,Female,27,1997-03-04,대구 동구 44로 44
beddc4ea-7fa3-43d6-9845-ec349598f8f9,박하윤,Female,62,1962-10-15,인천 남구 15길 15
75ae5a80-cfd8-4030-b7a4-0811a4da3162,이지민,Female,40,1984-06-04,광주 북구 8로 8
82bc00a0-8634-486f-97a3-51f74cd91478,최시우,Female,62,1962-12-22,인천 남구 39길 39
b8e5c0f2-da53-48a7-baf4-9b7cb7c2074a,정지유,Male,19,2005-06-14,인천 남구 17길 17
66bb142c-d9d6-41f5-993f-5065e1b3907b,임지우,Male,39,1985-02-20,서울 서구 92로 92
aaaaca95-15b9-4d82-b794-5ce9420c7f6a,윤민서,Male,20,2004-11-20,서울 유성구 23로 23
2d286b6b-9aa5-4f55-9347-2432304ad903,임지호,Female,30,1994-06-28,대전 서초구 51로 51
f8405495-1abe-4f33-be99-5123bfc24853,이예준,Female,19,2005-02-06,인천 강남구 97길 97
600456ac-5e86-4580-a0ca-34f1d8d52c22,정민준,Male,37,1987-08-26,광주 서구 89로 89
98d971c4-9e2b-4f4f-97ec-30ff113c770e,박하은,Male,59,1965-07-24,대구 강서구 74로 74
7d22a87b-d9d4-4942-bebf-ec28bc47e1e4,강도윤,Male,17,2007-03-15,인천 유성구 53로 53
766baf64-a811-4188-bfef-9686e920a4ec,최지우,Female,56,1968-08-05,인천 남구 17길 17
84b7d4ad-2700-490a-b290-3de207040102,윤민준,Female,21,2003-02-08,서울 유성구 30길 30
37aff666-3f8d-46f7-bd15-39a6e6c755ed,박도윤,Male,34,1990-03-10,광주 북구 70길 70
f6e66d37-ac19-4899-a71d-dc0f79e79782,이지유,Female,15,2009-04-19,대전 서초구 60길 60
6aad9913-aa6f-4350-906e-0c5f7b59ab76,장지우,Female,42,1982-12-13,광주 강남구 22로 22
61578127-6784-4bb1-8084-34c4b8bd1c10,이서현,Female,34,1990-02-13,대구 동구 88길 88
f486a401-99de-41f3-a9c6-e437a2fc05ae,박준우,Female,60,1964-12-09,대전 관악구 98로 98
7bb3420b-ac8e-473c-971c-e92ac2bb3cde,강준우,Male,32,1992-05-12,부산 서구 7길 7
d85e0f8d-0ee7-4c47-8b41-4b181e367843,김민준,Female,52,1972-01-20,광주 관악구 25로 25
bb6c4807-1b39-467b-89bc-73f331e3d71d,김도윤,Female,48,1976-04-25,대구 서구 79로 79
5ea8ce83-a282-427d-80e9-016249e2e6e5,윤민준,Female,64,1960-03-16,서울 동구 62로 62
b7944668-7f91-4625-b03a-27fb01cb9d05,정민서,Male,64,1960-09-23,광주 서초구 65로 65
3ca1fdc1-5728-4383-a700-d5ea4b45e250,박서현,Female,44,1980-06-29,서울 강서구 36로 36
4d052640-766b-4ba3-a110-75fb4b743bc6,최지우,Female,27,1997-04-13,광주 서초구 93길 93
ba13ec0c-5771-4273-86c9-d5935c0e161e,최시우,Male,37,1987-03-07,인천 서초구 40길 40
c0224d3e-a2ab-41b0-8edf-7cb0c15dcb86,김하준,Male,24,2000-04-14,대구 동구 23길 23
01ef79fd-5c6e-4232-97da-d4ed741c80f4,박서연,Female,16,2008-10-24,대구 남구 35길 35
005a06f2-4bf6-4434-b9d7-7c27159dcb34,정지호,Female,16,2008-03-04,인천 서초구 78길 78
42e7338f-bd8d-4de3-9b36-7e25a87bb8ef,윤지유,Female,21,2003-02-25,인천 서구 95로 95
1fa610f9-c7ba-4aca-96ba-78405975a412,강하윤,Female,55,1969-11-12,대구 북구 65길 65
22574539-e77d-414e-b6fe-1f92fcf853e9,장도윤,Male,41,1983-11-17,서울 서구 61길 61
b22cc190-5b25-475a-990d-2c6862bdf92e,임도윤,Male,34,1990-03-06,서울 강남구 74길 74
f018ec03-34b9-4284-8594-4ecf4cd9e814,윤윤서,Female,61,1963-02-08,대전 서초구 47로 47
0b6365bb-67eb-4171-b027-51ac945d0c78,박시우,Female,16,2008-04-11,대구 용산구 67로 67
03f1063e-928d-49f7-bf25-ec2f8328a1d3,강준우,Female,52,1972-03-22,인천 관악구 43로 43
9a1e4bcb-8adf-4df5-b7bf-a84b49df3487,임시우,Female,49,1975-10-07,대전 관악구 62로 62
02a035b4-d202-4ace-9971-8b0d585b1cab,조하은,Female,54,1970-06-26,광주 강남구 22길 22
29752284-5c43-42ae-8db6-3a3edbdb9bda,정윤서,Female,64,1960-11-03,서울 남구 74길 74
1110b290-b856-40eb-8f02-f311475c1aae,강지유,Female,29,1995-04-21,부산 강남구 3길 3
bde358b7-0573-4f62-9a66-951af297d883,이지민,Male,23,2001-11-03,부산 관악구 30길 30
97a7a28f-e027-4f94-9736-e878c19fca4e,정하윤,Female,19,2005-01-19,인천 북구 97길 97
b7fccbcd-ed17-48db-823b-025e2b82dd65,조도윤,Male,36,1988-01-24,부산 유성구 94로 94
7e899fdb-b439-4092-bc74-dbe4f7c73b12,박하준,Male,31,1993-10-21,광주 동구 4길 4
5d8e67b7-ec02-4d09-9af6-796ecc4b157a,윤지호,Male,40,1984-09-10,대전 관악구 24길 24
7a3fdcac-0b0a-4b03-873c-4d7a14d6fa6a,윤지우,Male,32,1992-12-20,서울 남구 17로 17
24af257f-d216-4f06-ab12-aff8226363af,장하준,Female,43,1981-04-06,대전 서구 8길 8
e6ed86e2-2f62-4ebb-989f-18bf2fb1ff8f,정시우,Female,52,1972-02-07,부산 남구 71길 71
afe202b4-30ae-4014-9a66-93abe4025527,장하준,Female,52,1972-06-16,부산 용산구 22로 22
f9faf11f-adf1-42af-87cb-f8515d0eb9c6,김서현,Female,13,2011-04-15,대구 강서구 66로 66
29977e10-1b41-4edb-831f-0e73e83f2ddf,최민준,Male,53,1971-12-19,광주 강남구 12로 12
9b2b4307-eee0-4184-a431-2e09fcb112c1,조지우,Male,37,1987-04-28,부산 북구 64길 64
cf25b821-c884-4e05-ab6e-72d48a82c221,정서연,Male,47,1977-09-09,대구 관악구 87길 87
57b8c314-c10a-44f3-9c47-fc11dcb062e5,강지후,Female,61,1963-02-05,대전 강남구 35길 35
3875159e-c36b-485b-8efe-16bf5c722f41,최지유,Male,47,1977-08-07,부산 강서구 98로 98
435a1227-ad80-4a14-85d4-d1283ea7ad52,김주원,Female,58,1966-06-11,대전 강서구 96로 96
d2b83318-e0ba-4cd8-8bd5-a9b24ec85ffa,이민서,Male,15,2009-10-18,인천 동구 23길 23
4ebf3f34-bf6d-4cff-97fe-1f4d51173f3b,강하은,Male,17,2007-03-03,대구 강서구 20길 20
52a844b5-6914-471d-8252-e448339b531f,강민준,Female,57,1967-11-19,서울 북구 39로 39
935bb33a-af97-4edd-8a48-1b846b550ce7,조하준,Male,43,1981-03-07,인천 강서구 36길 36
1d6b2408-3333-4fb7-9863-8a0cdea80006,박시우,Female,16,2008-12-11,인천 남구 36길 36
b361edde-e332-4ef6-bd20-efc5eb5ab125,김지유,Male,51,1973-07-31,대전 서구 14로 14
3bd2cc6e-6285-4eeb-bf1c-d239090c528c,이주원,Female,27,1997-04-26,대구 북구 75로 75
63c18227-4d01-4186-ba19-26846c6c745d,정서윤,Female,31,1993-05-31,부산 서구 33길 33
fe3cd9af-ac1d-4f31-b061-f52264c67265,정윤서,Female,47,1977-09-02,서울 강남구 59길 59
a854ef17-9755-4cc3-b976-d39024193ffd,임지민,Male,32,1992-05-20,대전 용산구 85로 85
1f1ea836-370b-4c9b-8023-216b25fe41cd,김준우,Male,39,1985-07-03,인천 용산구 57로 57
d95b8c8f-0665-45e4-8fd8-6991bc03bac7,조도윤,Male,64,1960-06-14,광주 강서구 54길 54
244cd36b-018a-4de5-bd4c-63e8e4850c65,장지호,Female,57,1967-09-04,서울 북구 100길 100
1d0897ac-193f-455d-981b-9d4e37217478,최예준,Female,23,2001-03-30,광주 용산구 75로 75
2733b6da-3bf4-432b-93cc-88bc96b29f0b,임지우,Female,24,2000-10-13,서울 동구 78길 78
8934791c-a534-4532-8ad6-30526cab2050,최서현,Female,52,1972-08-06,대전 관악구 95길 95
503c5b11-e637-4fe2-bdd8-2fb84c352982,강예준,Male,22,2002-01-17,대구 서초구 75로 75
49f1424e-1c98-4390-81a0-340295014def,박서현,Female,43,1981-07-27,부산 강서구 29길 29
e17ed20f-f3ed-4ebb-9639-f5d1a8563c6b,이지민,Female,47,1977-11-05,대전 서구 55길 55
4ab7c5d7-d171-4515-b6fd-185bd9177fbe,김시우,Female,14,2010-04-21,대전 용산구 74길 74
f2c917b5-2fca-45d0-bb6f-a1f7a252197a,이서윤,Female,55,1969-02-27,대구 북구 40로 40
769f1395-90a3-44ee-b41f-4fd72ee18083,장하은,Male,25,1999-07-19,서울 북구 52길 52
d32bff8b-3391-474e-a8cf-312b33acbb35,윤시우,Female,59,1965-03-10,부산 서구 22로 22
c5be5065-6f2b-4420-b9ad-98c3e7acb704,김서현,Female,51,1973-05-13,서울 유성구 34로 34
fb87c120-8263-44d7-a005-2586fb5c29ac,장지후,Female,16,2008-04-20,대구 강서구 42길 42
ce89e972-9269-46ab-aff3-44ecdfc70220,김윤서,Male,48,1976-04-16,부산 강서구 16로 16
a905ceaa-0144-4ea0-94ae-85417a122390,정주원,Female,57,1967-11-13,대구 서초구 35로 35
9e15c962-2b18-49a2-b2a6-338f2819d3fd,윤준우,Female,28,1996-02-15,인천 용산구 82길 82
105b4140-a947-4427-84df-284d554fc66c,정준우,Male,42,1982-04-27,대구 관악구 90로 90
5106e330-d045-4b9a-ab28-b2994807f694,임서윤,Male,53,1971-09-01,대구 남구 62길 62
5867dcde-9ec8-4170-98da-1fe653ac065a,강도윤,Female,55,1969-09-11,부산 용산구 39길 39
12752bb0-1040-4bbb-b44f-de242afb6f3c,이서연,Female,37,1987-10-15,서울 서초구 52길 52
ecb04dac-23ad-4377-8259-d303d8661812,최도윤,Female,24,2000-06-08,대구 남구 23로 23
11c74c3f-dc7c-442d-aaed-f28571d2292c,정지민,Male,50,1974-05-18,광주 동구 54로 54
892aaa4b-4e85-45b8-81df-284534706a11,윤민준,Male,13,2011-04-07,대전 관악구 74길 74
7134168f-893f-4345-89c2-60db01d6140d,이서준,Male,55,1969-07-27,대구 관악구 20로 20
4f7788e4-c01b-4c8b-91ab-440d821c1951,조지우,Male,15,2009-01-08,대구 관악구 85길 85
76239508-3f39-4538-81d3-c677aec2a03d,윤주원,Male,34,1990-02-13,대전 서초구 30길 30
d08797a6-d876-4d1a-b247-3a9fef244214,정지민,Female,52,1972-01-10,대구 서구 18길 18
ae7432fc-9c63-4d1c-9357-a204c464d286,박지우,Male,27,1997-07-31,광주 관악구 28길 28
1fc6ca82-8c2f-41f1-9bf9-041dbea5e09e,윤지후,Female,25,1999-10-29,광주 동구 14로 14
dea560f0-d4e1-46b6-b389-2eb2038009d1,최도윤,Male,28,1996-11-04,대전 강남구 97로 97
aa73d69a-713f-4da8-8f31-dfd2344ee3b1,최윤서,Male,48,1976-12-12,광주 서구 68로 68
d5d24514-970a-47dd-9d15-8a6a7bcfb941,최민준,Female,27,1997-04-24,광주 북구 95길 95
4595f773-fe64-4580-89de-6e887d94f9f7,정예준,Male,50,1974-12-28,서울 관악구 39로 39
f83b8db5-979d-4b6f-b0fe-6c6153c335d5,김지유,Male,57,1967-10-12,광주 서구 92로 92
3136f307-5201-4a67-bede-ad05c1dc718c,정하준,Male,29,1995-05-31,대전 강남구 4길 4
3e851da7-e118-41a8-856c-ff14bce48c89,최예준,Female,61,1963-03-11,인천 동구 70길 70
bb6e5d3e-dab6-4376-b288-6873bd66b15d,김지호,Female,33,1991-07-23,대전 용산구 66로 66
e8f5e83f-d0cf-42ba-93e5-f2a8760bd5ab,박지후,Female,43,1981-11-12,서울 북구 34길 34
2b3a38ba-2454-4bfa-a4e1-581a6c1ab8e2,윤하윤,Female,32,1992-04-03,인천 남구 87길 87
4eec8e72-c478-4b23-9524-4c447535dab8,이시우,Female,46,1978-04-22,인천 강서구 76로 76
13bb3ee7-cd9d-486f-ac7a-837a1b145a3c,정하은,Female,22,2002-08-02,대전 유성구 53로 53
f5f95a2e-8a6e-420b-bbed-b3a59185122a,조도윤,Female,56,1968-10-03,부산 강남구 52로 52
b5e20b5e-e6c0-44d3-a2a0-754306771fb6,박하은,Male,36,1988-10-17,광주 서초구 91로 91
c3e40f29-8a9c-47d0-a173-880766a2cf47,이주원,Male,36,1988-12-23,대전 서초구 7길 7
689dd6a7-f133-4977-a0a7-1dba5bb57edf,이지호,Female,15,2009-11-21,대구 북구 35로 35
5de93917-70e9-47f6-a120-136a9d6cc17b,강시우,Male,54,1970-05-22,대전 남구 55로 55
3793f0a7-4d10-484f-850d-77b6ce8e4583,조서준,Female,61,1963-07-31,대전 용산구 83길 83
33ea2446-9ed4-40be-b223-9dac8ae7f7a6,최민서,Female,28,1996-02-17,부산 남구 33길 33
ebfeee5c-b64e-437e-a594-8712681d724d,장예준,Male,60,1964-08-17,대구 용산구 60로 60
a60f75f9-a2db-4bbc-a820-8adfe28cd7cb,강주원,Female,34,1990-03-12,대구 남구 36길 36
862a2ffd-2f0c-4a51-805c-aa997a18d568,정예준,Male,51,1973-04-15,인천 동구 1길 1
0f17d491-f790-45f2-a967-a7c8e93539cc,조하은,Female,60,1964-07-05,광주 강남구 73로 73
ce61cc77-8f07-4105-a538-fce1ff94c986,장서윤,Male,22,2002-03-19,광주 유성구 67로 67
45de8b93-d968-4e62-bcb8-1c128e0200dd,이지호,Male,21,2003-10-29,인천 관악구 33길 33
3908dde6-b9d1-4b3f-ba08-ec51edd178df,임지후,Female,40,1984-04-26,부산 강서구 15길 15
a0b184d9-3968-48e5-952b-5a613b3b360e,박지후,Male,28,1996-04-09,서울 관악구 67로 67
089b1923-7ea9-48bb-b2a3-a53c334bbefd,장주원,Female,42,1982-03-25,광주 용산구 67로 67
19af8f1f-72db-4237-b56a-a79c095c3319,김지우,Female,44,1980-02-13,부산 동구 49길 49
5c2eac2b-6540-4350-8b57-9541a7e1180f,윤지호,Male,55,1969-03-11,대전 강서구 33로 33
4e028726-779f-459c-8d97-b4beb7ba05a9,정지우,Male,35,1989-07-10,인천 관악구 62로 62
77d935fa-83f0-4ef5-b952-9c0f1e4bfb96,임서준,Female,25,1999-11-08,대구 동구 92로 92
a6ff63f8-d355-48b0-a7b7-61c4755cd932,장서윤,Male,31,1993-03-28,대전 서초구 40길 40
3ce3c817-d496-4ee6-83c2-292e3f9040ef,강지우,Male,47,1977-12-17,부산 용산구 49로 49
935104b8-d81b-4bb8-ace5-8020cf92f7cc,이지우,Male,41,1983-08-31,부산 북구 10길 10
4309fedb-0ea8-4716-ac86-9631456e12ab,박서연,Female,57,1967-04-02,부산 서초구 80길 80
6da202f0-ad48-4a05-842e-df22716a4781,이지호,Male,31,1993-11-17,인천 서초구 4길 4
81080cb1-54ca-4420-bf54-d1943acf91fd,강예준,Female,33,1991-06-13,인천 동구 33길 33
659fafeb-c595-4d88-9f29-9538fe710923,정시우,Female,28,1996-05-09,대구 북구 8길 8
6fc37bcf-7785-4225-9e2b-cb9f178f7430,조준우,Female,45,1979-02-27,광주 남구 82길 82
dfcaad9f-1ad5-4b73-b7b8-2964dcd04490,장시우,Male,23,2001-10-04,대구 서초구 92길 92
75125a32-3ddf-4dbd-a445-7f47defd0809,강서윤,Male,43,1981-10-26,광주 서초구 83길 83
10f03917-84c3-4314-9603-bc53831d2961,조지호,Male,21,2003-01-20,광주 동구 81로 81
a60990de-c1e0-4848-b1e8-3010c6aa0feb,이지후,Female,61,1963-12-05,대구 북구 21로 21
bf945374-c866-4e47-9dd7-86c627305889,임주원,Female,21,2003-03-23,광주 북구 25로 25
9c7207d1-9764-43b3-8a67-30905c33c3b9,장하윤,Female,50,1974-02-23,부산 강남구 86길 86
1303948d-c2a8-43df-8227-e43d92161490,이서준,Female,41,1983-08-06,서울 강남구 79로 79
96b3996f-bce5-4322-aeca-8d315fe0855e,조지우,Female,52,1972-09-25,인천 북구 12길 12
5c816e49-7179-4466-adaa-c6d9273464c6,박윤서,Male,43,1981-10-18,인천 용산구 100로 100
fc2f3659-f73b-4f1f-98d5-4eccc8b43d1e,박민서,Female,37,1987-09-10,대전 강서구 83길 83
9549fbd5-05a0-44bc-be7f-0da6b704dc0c,최서현,Male,52,1972-10-04,부산 서초구 9길 9
6805e7c2-ad5c-4d12-8abe-975e97fed64d,장하윤,Male,24,2000-11-18,서울 용산구 4길 4
fc6f718d-d810-47a9-a751-9020c650ea9d,조서현,Female,57,1967-09-29,인천 강서구 26로 26
113f256e-e428-49fb-b119-fb7ced7f4faa,김하준,Male,40,1984-09-21,서울 서초구 21로 21
2455ba47-48bf-4f9b-9e11-59c51ab5a626,김민서,Female,23,2001-05-19,부산 강서구 56길 56
58d4698a-b533-4f7f-97c5-4cf85a821ce7,강지우,Female,29,1995-08-23,광주 관악구 98길 98
db6f6e0d-c071-402c-92ac-fa09ae7eee1d,장하준,Female,17,2007-04-29,대전 북구 20길 20
34fb2632-39bd-4d77-a573-6386b5555d00,강서준,Male,13,2011-02-19,광주 강남구 91로 91
b4da7923-3642-427c-b559-718986ed35be,조민서,Male,44,1980-10-05,인천 강서구 58로 58
3f428c6a-0bef-471e-89e9-1315a29522cf,윤민준,Male,23,2001-07-08,대구 용산구 94로 94
037028a8-b6a5-4493-b852-afa9b0d8b892,임하윤,Male,60,1964-02-06,인천 용산구 52길 52
f145b6a6-3351-4841-8dad-cab5cd04e337,장서윤,Female,43,1981-07-25,대전 강서구 16길 16
8600eedb-f7a1-43a9-8b41-4cfdeac7c0ca,박서현,Female,42,1982-05-25,광주 강서구 17길 17
f4297041-5bdb-4d7c-ba93-6b959db7658f,이시우,Male,46,1978-06-30,대전 서초구 21길 21
6340dee5-c284-45b0-86cc-e9b9233e9af0,박하준,Male,29,1995-02-06,서울 강서구 78로 78
8748ffac-3dc7-4a93-aed6-53b31db8438c,윤서연,Male,42,1982-12-31,대구 강서구 73로 73
2b875d2c-7cc4-4bfd-b973-534dcd13238e,박주원,Male,17,2007-03-29,서울 용산구 65로 65
3cf91f3a-8f1c-465a-931b-b49230f0f233,박서연,Male,59,1965-05-23,대전 북구 21길 21
cef33a05-3375-4ecc-885e-49b3b7b92151,최서윤,Female,18,2006-09-17,광주 용산구 77길 77
6de643ba-86ce-4109-bc1c-c298bbf5af26,장윤서,Female,62,1962-08-27,광주 관악구 8길 8
8ca83134-a91f-4c4b-8737-653e6896a97a,최하준,Male,47,1977-01-26,인천 관악구 53로 53
a331d4df-86b2-4f4e-8c7f-575b3c12a8c4,정하준,Male,17,2007-09-16,서울 강서구 47로 47
2d0140a1-d622-4233-bdc1-6e7d874480c8,윤지후,Male,48,1976-01-14,서울 용산구 53길 53
2625e8e7-7428-492b-bd1a-3ac089cbd21d,윤준우,Male,45,1979-08-03,서울 서초구 50길 50
cf0f98f9-476a-49b0-ab8b-e159c70365e2,장예준,Female,53,1971-04-08,광주 동구 29로 29
07cf9eea-bf3c-43bc-bc5c-ff33b3e3eeeb,최지민,Female,47,1977-02-28,인천 용산구 77로 77
0aca7868-b1f0-4e6e-84ba-94f6fd397bb2,김예준,Female,28,1996-02-09,대전 관악구 46길 46
6f4e6d93-9a44-40c1-8578-41c478a63f84,윤시우,Male,58,1966-03-17,부산 관악구 62길 62
7cd6d7ca-3838-4e48-a162-29dbbc4b11d3,박하준,Male,38,1986-07-25,대구 남구 63길 63
6b8c25ab-3e70-452c-8c5a-262e78c30f96,박서준,Male,21,2003-12-25,부산 용산구 93길 93
f1c151fe-3935-47a7-a765-c2ed11c93126,윤지민,Female,52,1972-10-26,광주 용산구 63로 63
5e8ecd3e-2af8-4d10-ae85-9d40abfb4672,임민준,Male,27,1997-04-10,서울 유성구 23길 23
69879794-ef6b-4ad1-9983-6344b5b0ab28,최서현,Male,32,1992-02-12,서울 동구 20로 20
c66199b0-5fcc-44e7-b476-c4772da53eb9,김지유,Male,37,1987-12-12,부산 용산구 2길 2
ddb35ee0-7a40-4c13-9b9e-7806f0d21f9b,윤하윤,Female,50,1974-10-01,부산 관악구 26로 26
5749c176-0aeb-4bd1-a088-da8bf59ba0b8,김민준,Male,52,1972-12-28,서울 서초구 69로 69
87d78442-9228-49f7-a122-b6c16c61dbee,윤서연,Male,31,1993-02-04,대전 서초구 83로 83
2fbdcbc7-a3b1-45f6-a7e8-31839dc9e36b,이준우,Female,14,2010-11-24,부산 북구 35길 35
0d5e5e35-0eaa-45d9-887c-068a0f981996,김하은,Male,22,2002-04-06,부산 강남구 66로 66
f6b23513-26b7-4e4d-8ac1-ef516c2cdd8c,정윤서,Male,50,1974-10-16,서울 강남구 49로 49
24c57699-27eb-4080-ae8c-1cb23a5a06c1,정지우,Female,16,2008-09-29,광주 동구 34로 34
1f548b4d-b688-4b91-a139-6aa29acd80ea,강지민,Male,51,1973-11-20,광주 유성구 46길 46
fa0ba502-ae36-4614-9d20-bae05a3118af,최서현,Female,54,1970-07-07,광주 서구 45길 45
89a53907-228c-460d-a7a1-4d81680d8efb,박준우,Male,53,1971-04-22,부산 강서구 15로 15
631f1011-3f66-4893-a469-109bbf8d4881,이지우,Female,26,1998-02-21,서울 서구 45로 45
bf1409c0-f83f-478a-920d-13ca3a2b989d,최서현,Female,37,1987-07-27,부산 서구 49길 49
b68d6dbf-0c1a-4f43-86d3-97499e2b072d,정서현,Female,41,1983-12-10,광주 관악구 23길 23
61abf5f4-5e23-427b-89f7-0de7786a76fb,정지우,Male,46,1978-05-09,부산 유성구 39길 39
b47487b5-2a8b-4186-a0c6-d7a3c9fb5584,최지호,Female,55,1969-10-16,광주 서구 32길 32
4997d6d7-3d64-40f4-a6cf-8f60367b5c57,조서현,Male,26,1998-07-31,인천 유성구 85길 85
e83d5376-aef4-44c3-abd5-b201baa2e1a5,윤시우,Male,23,2001-11-02,대구 동구 68길 68
7ae6c066-10ad-4354-b410-56b4f29fbc5c,김윤서,Male,62,1962-05-24,대구 유성구 59로 59
469972ee-8ced-402e-a690-ef5dcb9e3271,정윤서,Male,46,1978-07-30,광주 북구 31로 31
27503dbc-73f7-42cf-b7d4-930b3bb0b77c,조지우,Female,57,1967-01-19,대전 강서구 17길 17
54ce0393-edcf-4297-9385-99130a13c60a,이예준,Male,61,1963-06-12,인천 동구 88길 88
10ac8e70-e376-4709-897d-654597629d98,윤서준,Female,14,2010-10-01,서울 서초구 20길 20
5dcd2bbe-ae01-4b27-9f54-5a60624e9845,박주원,Female,29,1995-05-28,서울 유성구 70로 70
8165af02-8dfc-4cae-9e1f-19471fc40fa0,박서연,Male,27,1997-01-22,인천 서구 50길 50
369059b3-08a9-4597-88ee-4aeb05a30e52,조지우,Female,44,1980-10-19,대전 강남구 2길 2
ee305b05-bbf1-458e-9102-5f1b6ab8ab90,임하준,Female,59,1965-10-23,부산 강남구 64길 64
92294d28-535b-401b-a819-2517263389a8,이지유,Male,15,2009-12-19,부산 강남구 41로 41
9cbbdaf1-2526-4821-b966-c84e4d162eb3,최지유,Male,42,1982-09-28,인천 관악구 92길 92
9f5ea1d1-8efe-4e95-9846-61ce3e8f7143,장민서,Male,34,1990-05-25,광주 서구 14로 14
c6e79dea-2487-45f4-93aa-8f50a9efc03d,최지호,Female,26,1998-04-27,광주 강서구 86로 86
a2c1cd38-5ecc-47a6-87a5-11173db8b89b,조준우,Male,60,1964-08-30,대구 서초구 21길 21
3661efd7-bdd6-43f6-ab37-dd1691d2814f,조민서,Male,62,1962-04-28,부산 관악구 22길 22
6e3428cb-0101-4324-9cb1-371059450854,정주원,Female,23,2001-11-16,부산 서초구 87로 87
22088bd3-9008-464d-b8b4-dfe19bf3f408,정지민,Male,16,2008-07-01,부산 북구 62길 62
a43f38e1-8066-4e87-8e6f-1be0d8bf63fd,강도윤,Male,20,2004-09-08,서울 서구 5로 5
773e5725-a132-4ced-a726-899593dffe3b,윤지민,Female,52,1972-05-24,부산 서초구 5길 5
8ccf61de-0a58-4a9a-a825-dfecfd4b0029,장서연,Male,16,2008-04-28,인천 남구 71길 71
d31961d3-1ad9-4291-b9c5-d6a27b3d1f59,윤지유,Male,25,1999-10-24,인천 강남구 77길 77
fd710a5b-3d54-4542-a8c0-7acc89af6af2,강하준,Female,33,1991-04-05,인천 용산구 14길 14
4b0831a7-4467-4f65-bb88-d6b815106eeb,임주원,Male,58,1966-07-30,인천 남구 68길 68
f24cc261-85f4-40d7-aef8-4955a15773f5,임지우,Female,45,1979-12-01,대구 용산구 73길 73
1625e9f5-efea-4a1f-8092-97b56b022fb3,박민준,Female,63,1961-07-27,대전 용산구 37로 37
817e22a3-3d1c-4113-b215-b25bdf903603,박예준,Male,25,1999-02-13,서울 용산구 78길 78
c3fff587-f7e8-4ac3-9852-bec1f942ea84,김서현,Male,13,2011-01-26,대전 남구 35길 35
b2a918d6-7d6a-4dfc-992c-ebd86b39777d,이도윤,Male,18,2006-06-08,인천 동구 43로 43
9047163e-39e5-40b1-88b9-0a220b08af9d,김시우,Male,33,1991-03-06,대구 남구 99로 99
c6aa3978-07f7-463b-947b-6803d1d7edf4,강준우,Male,20,2004-08-07,부산 서구 53길 53
3dd9024f-ed69-4597-9c9a-eba3d499dcf5,임지민,Female,48,1976-01-11,부산 유성구 67로 67
1a4a7062-9b8b-4a24-8737-a0e391aa3845,윤예준,Male,23,2001-12-17,광주 북구 21길 21
9190131f-f3ea-459f-ba5e-11b5d3431677,최지민,Female,27,1997-09-22,서울 서초구 94길 94
e7440682-d5a9-41a1-8c68-12356b8c53b9,최하윤,Female,61,1963-10-03,인천 강남구 31로 31
f8585baa-cae0-4146-961a-681dfa0ecaec,이민서,Male,58,1966-09-28,부산 용산구 54로 54
a12ab5dc-6745-4684-8471-7f4722cc6007,임도윤,Male,33,1991-06-12,광주 용산구 4길 4
b466e0be-7359-4646-8d74-a2c28215f407,최민준,Male,52,1972-04-17,서울 동구 19길 19
ef03f86a-621c-4ae7-bd80-478d7eeaa62e,임지유,Female,17,2007-04-27,대구 강남구 96길 96
c1a68c66-3635-4f5a-978a-98225be331d4,박서준,Female,16,2008-03-03,부산 서구 45로 45
c68d684a-d293-4130-9be9-148d9e301f36,정예준,Male,52,1972-07-03,대전 북구 60길 60
c0a35ae6-b1f6-4cdd-83c3-ca520a55a5df,정서준,Female,46,1978-12-16,대구 북구 39길 39
7a74ff8d-32a6-43a3-bdf8-1b804a895ab5,정서현,Male,20,2004-10-29,부산 강서구 11로 11
3b7c9719-75ee-4f13-b1ff-37163e4dfb5f,정민서,Female,41,1983-03-12,대구 강서구 78길 78
45f46733-bfb3-4bc5-8d92-10190270269d,강도윤,Male,53,1971-08-18,서울 서초구 53길 53
d63bf155-b477-436a-8a6c-ee043b87d71b,장서연,Male,21,2003-01-13,부산 북구 11길 11
5629d408-4d3b-41c7-95e8-1b99a5c7a237,박서현,Male,17,2007-05-03,광주 강서구 18로 18
7875b5a3-3435-47ff-8077-7a77c665e881,최하은,Female,22,2002-04-05,인천 남구 24로 24
fb7d5d94-a2b0-4ee8-8261-b9d804c7ce35,최하은,Female,47,1977-06-01,서울 서구 75로 75
3afd2811-894b-4983-adae-c0c447553806,김도윤,Male,44,1980-07-27,대구 강서구 90길 90
e045281b-74dd-45bc-a169-5408b7a8dd5d,박민서,Female,40,1984-06-07,대전 강남구 71로 71
617f73aa-6e3b-430b-8211-a0d7cc344749,조지유,Male,45,1979-11-27,서울 관악구 47로 47
f77ee649-f845-4fac-b095-416becbd8eed,정서연,Male,58,1966-08-14,대전 서구 52로 52
0a2d9c60-f6bb-4d05-b2f6-3f005642d8f8,조주원,Male,38,1986-03-04,부산 용산구 79로 79
610df416-9190-4631-8604-64fb5a1509b4,최서현,Female,25,1999-01-09,대구 서초구 63로 63
6cd956fb-cb6d-4d5b-a6ac-f37237224aac,김지우,Male,26,1998-09-30,광주 북구 63길 63
7cc25ece-f7a5-4d82-8817-c6dd25f273fa,박하윤,Male,50,1974-05-04,인천 서초구 12길 12
fa0a20af-da50-4a93-b9c5-c8dae03c529c,강예준,Male,23,2001-03-06,대전 강남구 35길 35
cd0950a6-0a75-4422-a530-960b3e42b8b5,정예준,Female,15,2009-08-04,인천 북구 9길 9
4f9dd982-b34a-4a2a-bef2-c8797e60b222,윤예준,Female,14,2010-04-04,대전 서초구 15길 15
261a9012-cb41-4712-9dc7-4cbffdcab14f,이민서,Female,57,1967-01-17,대구 유성구 21길 21
c678a5fc-57f5-473c-9553-b1e1538e9501,조서연,Male,31,1993-07-25,부산 북구 85로 85
30c6ec2d-a92a-4a81-a0a4-0b687cf62d58,윤시우,Female,31,1993-12-18,부산 서초구 30로 30
